Time,Distance_cm,Water_Level_cm,Temperature_C,Humidity_%,Sound_Status,Pump_Status,Health_Status
2026-03-14 09:31:19,77.97,22.03,,,DETECTED,ON,HEALTHY
2026-03-14 09:31:22,253.57,0.0,,,DETECTED,ON,HEALTHY
2026-03-14 09:31:26,252.74,0.0,32.2,49.0,DETECTED,ON,HEALTHY
2026-03-14 09:31:29,254.05,0.0,,,DETECTED,ON,HEALTHY
2026-03-14 09:31:33,8.73,91.27,32.2,49.0,DETECTED,ON,HEALTHY
2026-03-14 09:31:37,253.15,0.0,32.2,49.0,DETECTED,ON,HEALTHY
2026-03-14 09:31:40,254.0,0.0,,,DETECTED,ON,HEALTHY
2026-03-14 09:31:44,253.2,0.0,,,DETECTED,ON,HEALTHY
2026-03-14 09:31:47,254.76,0.0,,,DETECTED,ON,HEALTHY
2026-03-14 09:31:51,212.38,0.0,,,DETECTED,ON,HEALTHY
2026-03-14 09:31:55,253.54,0.0,32.2,49.0,DETECTED,ON,HEALTHY
2026-03-14 09:31:58,254.35,0.0,,,DETECTED,ON,HEALTHY
2026-03-14 09:32:02,252.72,0.0,,,DETECTED,ON,HEALTHY
2026-03-14 09:32:05,253.93,0.0,,,DETECTED,ON,HEALTHY
2026-03-14 09:32:09,122.2,0.0,,,DETECTED,ON,HEALTHY
2026-03-14 09:32:12,255.71,0.0,,,DETECTED,ON,HEALTHY
2026-03-14 09:32:16,112.31,0.0,32.3,49.0,DETECTED,ON,HEALTHY
2026-03-14 09:32:20,159.54,0.0,,,DETECTED,ON,HEALTHY
2026-03-14 09:32:23,116.9,0.0,,,DETECTED,ON,HEALTHY
2026-03-14 09:32:27,81.63,18.37,,,DETECTED,ON,HEALTHY
2026-03-14 09:32:30,176.3,0.0,,,DETECTED,ON,HEALTHY
2026-03-14 09:32:34,254.39,0.0,32.3,49.0,DETECTED,ON,HEALTHY
2026-03-14 09:32:38,252.77,0.0,,,DETECTED,ON,HEALTHY
2026-03-14 09:32:41,288.54,0.0,,,DETECTED,ON,HEALTHY
2026-03-14 09:32:45,252.28,0.0,,,DETECTED,ON,HEALTHY
2026-03-14 09:32:48,253.94,0.0,,,DETECTED,ON,HEALTHY
2026-03-14 09:32:52,254.38,0.0,,,DETECTED,ON,HEALTHY
2026-03-14 09:32:55,253.46,0.0,,,DETECTED,ON,HEALTHY
2026-03-14 09:32:59,189.42,0.0,,,DETECTED,ON,HEALTHY
2026-03-14 09:33:03,225.42,0.0,,,DETECTED,ON,HEALTHY
2026-03-14 09:33:06,202.64,0.0,32.4,49.0,DETECTED,ON,HEALTHY
2026-03-14 09:33:10,184.37,0.0,32.4,49.0,DETECTED,ON,HEALTHY
2026-03-14 09:33:13,205.0,0.0,32.4,49.0,DETECTED,ON,HEALTHY
2026-03-14 09:33:17,254.01,0.0,,,DETECTED,ON,HEALTHY
2026-03-14 09:33:21,191.29,0.0,32.4,49.0,DETECTED,ON,HEALTHY
2026-03-14 09:33:24,168.9,0.0,32.4,49.0,DETECTED,ON,HEALTHY
2026-03-14 09:45:32,93.45,6.55,32.5,47.0,DETECTED,ON,HEALTHY
2026-03-14 09:45:35,253.02,0.0,,,DETECTED,ON,HEALTHY
2026-03-14 09:45:39,253.45,0.0,,,DETECTED,ON,HEALTHY
2026-03-14 09:45:42,252.2,0.0,32.5,47.0,DETECTED,ON,HEALTHY
2026-03-14 09:45:46,253.06,0.0,,,DETECTED,ON,HEALTHY
2026-03-14 09:45:50,253.9,0.0,,,DETECTED,ON,HEALTHY
2026-03-14 09:45:53,253.13,0.0,,,DETECTED,ON,HEALTHY
2026-03-14 09:45:57,274.76,0.0,32.6,47.0,DETECTED,ON,HEALTHY
2026-03-14 09:46:00,253.69,0.0,,,DETECTED,ON,HEALTHY
2026-03-14 09:46:04,254.43,0.0,,,DETECTED,ON,HEALTHY
2026-03-14 09:46:08,196.12,0.0,,,DETECTED,ON,HEALTHY
2026-03-14 09:46:11,253.94,0.0,,,DETECTED,ON,HEALTHY
2026-03-14 09:46:15,7.73,92.27,,,DETECTED,ON,HEALTHY
2026-03-14 09:46:18,253.71,0.0,32.6,47.0,DETECTED,ON,HEALTHY
2026-03-14 09:46:22,254.45,0.0,32.6,47.0,DETECTED,ON,HEALTHY
2026-03-14 09:46:26,9.54,90.46,,,DETECTED,ON,HEALTHY
2026-03-14 09:46:29,254.59,0.0,32.6,47.0,DETECTED,ON,HEALTHY
2026-03-14 09:46:33,253.71,0.0,32.6,47.0,DETECTED,ON,HEALTHY
2026-03-14 09:46:36,252.87,0.0,,,DETECTED,ON,HEALTHY
2026-03-14 09:46:40,187.65,0.0,32.7,47.0,DETECTED,ON,HEALTHY
2026-03-14 09:46:43,182.01,0.0,,,DETECTED,ON,HEALTHY
2026-03-14 09:46:47,256.35,0.0,32.7,47.0,DETECTED,ON,HEALTHY
2026-03-14 09:46:51,106.17,0.0,,,DETECTED,ON,HEALTHY
2026-03-14 09:46:54,252.94,0.0,32.6,46.0,DETECTED,ON,HEALTHY
2026-03-14 09:46:58,253.35,0.0,,,DETECTED,ON,HEALTHY
2026-03-14 09:47:01,117.55,0.0,32.6,46.0,DETECTED,ON,HEALTHY
2026-03-14 09:47:05,254.05,0.0,,,DETECTED,ON,HEALTHY
2026-03-14 09:47:08,254.15,0.0,,,DETECTED,ON,HEALTHY
2026-03-14 09:47:12,255.03,0.0,,,DETECTED,ON,HEALTHY
2026-03-14 09:47:16,252.82,0.0,32.6,46.0,DETECTED,ON,HEALTHY
2026-03-14 09:47:19,253.67,0.0,,,DETECTED,ON,HEALTHY
2026-03-14 09:47:23,252.47,0.0,32.6,46.0,DETECTED,ON,HEALTHY
2026-03-14 09:47:26,253.12,0.0,32.6,46.0,DETECTED,ON,HEALTHY
2026-03-14 09:47:30,257.77,0.0,,,DETECTED,ON,HEALTHY
2026-03-14 09:47:34,253.6,0.0,,,DETECTED,ON,HEALTHY
2026-03-14 09:47:37,252.7,0.0,,,DETECTED,ON,HEALTHY
2026-03-14 09:47:41,178.14,0.0,32.6,46.0,DETECTED,ON,HEALTHY
2026-03-14 09:47:44,119.19,0.0,32.7,46.0,DETECTED,ON,HEALTHY
2026-03-14 09:47:48,253.06,0.0,32.6,46.0,DETECTED,ON,HEALTHY
2026-03-14 09:47:52,155.47,0.0,32.6,46.0,DETECTED,ON,HEALTHY
2026-03-14 09:47:55,253.07,0.0,32.6,46.0,DETECTED,ON,HEALTHY
2026-03-14 09:47:59,252.66,0.0,,,DETECTED,ON,HEALTHY
2026-03-14 09:48:02,252.96,0.0,32.6,46.0,DETECTED,ON,HEALTHY
2026-03-14 09:48:06,253.09,0.0,32.6,46.0,DETECTED,ON,HEALTHY
2026-03-14 09:48:09,176.06,0.0,32.6,46.0,DETECTED,ON,HEALTHY
2026-03-14 09:48:13,253.44,0.0,32.6,46.0,DETECTED,ON,HEALTHY
2026-03-14 09:48:17,239.2,0.0,32.6,46.0,DETECTED,ON,HEALTHY
2026-03-14 09:48:20,253.82,0.0,,,DETECTED,ON,HEALTHY
2026-03-14 09:48:24,253.44,0.0,32.6,46.0,DETECTED,ON,HEALTHY
2026-03-14 09:48:27,252.64,0.0,32.6,46.0,DETECTED,ON,HEALTHY
2026-03-14 09:48:31,257.37,0.0,,,DETECTED,ON,HEALTHY
2026-03-14 09:48:35,253.36,0.0,32.6,46.0,DETECTED,ON,HEALTHY
2026-03-14 09:48:38,254.38,0.0,,,DETECTED,ON,HEALTHY
2026-03-14 09:48:42,215.4,0.0,,,DETECTED,ON,HEALTHY
2026-03-14 09:48:45,253.03,0.0,,,DETECTED,ON,HEALTHY
2026-03-14 09:48:49,132.81,0.0,32.6,47.0,DETECTED,ON,HEALTHY
2026-03-14 09:48:52,254.72,0.0,,,DETECTED,ON,HEALTHY
2026-03-14 09:48:56,253.93,0.0,32.5,47.0,DETECTED,ON,HEALTHY
2026-03-14 09:49:00,140.67,0.0,32.5,47.0,DETECTED,ON,HEALTHY
2026-03-14 09:49:03,254.33,0.0,32.5,47.0,DETECTED,ON,HEALTHY
2026-03-14 09:49:07,140.93,0.0,32.5,47.0,DETECTED,ON,HEALTHY
2026-03-14 09:49:10,253.9,0.0,32.5,47.0,DETECTED,ON,HEALTHY
2026-03-14 09:49:14,252.66,0.0,,,DETECTED,ON,HEALTHY
2026-03-14 09:49:18,253.33,0.0,32.6,47.0,DETECTED,ON,HEALTHY
2026-03-14 09:49:21,253.8,0.0,32.6,47.0,DETECTED,ON,HEALTHY
2026-03-14 09:49:25,252.64,0.0,,,DETECTED,ON,HEALTHY
2026-03-14 09:49:28,253.91,0.0,32.6,47.0,DETECTED,ON,HEALTHY
2026-03-14 09:49:32,253.03,0.0,,,DETECTED,ON,HEALTHY
2026-03-14 09:49:35,124.68,0.0,,,DETECTED,ON,HEALTHY
2026-03-14 09:49:39,253.45,0.0,32.6,47.0,DETECTED,ON,HEALTHY
2026-03-14 09:49:43,253.39,0.0,32.6,47.0,DETECTED,ON,HEALTHY
2026-03-14 09:49:46,252.97,0.0,32.6,47.0,DETECTED,ON,HEALTHY
2026-03-14 09:49:50,252.61,0.0,,,DETECTED,ON,HEALTHY
2026-03-14 09:49:53,217.02,0.0,,,DETECTED,ON,HEALTHY
2026-03-14 09:49:57,253.05,0.0,32.6,47.0,DETECTED,ON,HEALTHY
2026-03-14 09:50:01,252.53,0.0,32.6,47.0,DETECTED,ON,HEALTHY
2026-03-14 09:50:04,125.67,0.0,,,DETECTED,ON,HEALTHY
2026-03-14 09:50:08,253.03,0.0,32.6,47.0,DETECTED,ON,HEALTHY
2026-03-14 09:50:11,253.39,0.0,32.6,47.0,DETECTED,ON,HEALTHY
2026-03-14 09:50:15,252.19,0.0,,,DETECTED,ON,HEALTHY
2026-03-14 09:50:18,253.49,0.0,32.7,47.0,DETECTED,ON,HEALTHY
2026-03-14 09:50:22,252.58,0.0,,,DETECTED,ON,HEALTHY
2026-03-14 09:50:26,252.93,0.0,32.6,47.0,DETECTED,ON,HEALTHY
2026-03-14 09:50:29,253.0,0.0,32.6,47.0,DETECTED,ON,HEALTHY
2026-03-14 09:50:33,254.64,0.0,,,DETECTED,ON,HEALTHY
2026-03-14 09:50:36,153.74,0.0,32.6,47.0,DETECTED,ON,HEALTHY
2026-03-14 09:50:40,223.13,0.0,32.6,47.0,DETECTED,ON,HEALTHY
2026-03-14 09:50:44,252.57,0.0,32.6,47.0,DETECTED,ON,HEALTHY
2026-03-14 09:50:47,162.77,0.0,,,DETECTED,ON,HEALTHY
2026-03-14 09:50:51,253.8,0.0,,,DETECTED,ON,HEALTHY
2026-03-14 09:50:54,253.46,0.0,,,DETECTED,ON,HEALTHY
2026-03-14 09:50:58,253.84,0.0,,,DETECTED,ON,HEALTHY
2026-03-14 09:51:01,158.34,0.0,,,DETECTED,ON,HEALTHY
2026-03-14 09:51:05,215.64,0.0,,,DETECTED,ON,HEALTHY
2026-03-14 09:51:09,152.36,0.0,,,DETECTED,ON,HEALTHY
2026-03-14 09:51:12,252.84,0.0,,,DETECTED,ON,HEALTHY
2026-03-14 09:51:16,164.76,0.0,,,DETECTED,ON,HEALTHY
2026-03-14 09:51:19,255.22,0.0,,,DETECTED,ON,HEALTHY
2026-03-14 09:51:23,126.11,0.0,,,DETECTED,ON,HEALTHY
2026-03-14 09:51:27,230.35,0.0,,,DETECTED,ON,HEALTHY
2026-03-14 09:51:30,253.43,0.0,,,DETECTED,ON,HEALTHY
2026-03-14 09:51:34,143.58,0.0,32.6,47.0,DETECTED,ON,HEALTHY
2026-03-14 09:51:37,253.83,0.0,,,DETECTED,ON,HEALTHY
2026-03-14 09:51:41,212.79,0.0,,,DETECTED,ON,HEALTHY
2026-03-14 09:51:44,253.44,0.0,,,DETECTED,ON,HEALTHY
2026-03-14 09:51:48,252.66,0.0,,,DETECTED,ON,HEALTHY
2026-03-14 09:51:52,254.35,0.0,,,DETECTED,ON,HEALTHY
2026-03-14 09:51:55,252.96,0.0,32.6,47.0,DETECTED,ON,HEALTHY
2026-03-14 09:51:59,252.62,0.0,,,DETECTED,ON,HEALTHY
2026-03-14 09:52:02,253.35,0.0,,,DETECTED,ON,HEALTHY
2026-03-14 09:52:06,237.76,0.0,32.7,47.0,DETECTED,ON,HEALTHY
2026-03-14 09:52:10,241.26,0.0,32.7,47.0,DETECTED,ON,HEALTHY
2026-03-14 09:52:13,172.46,0.0,32.7,47.0,DETECTED,ON,HEALTHY
2026-03-14 09:52:17,188.62,0.0,,,DETECTED,ON,HEALTHY
2026-03-14 09:52:20,159.52,0.0,,,DETECTED,ON,HEALTHY
2026-03-14 09:52:24,188.52,0.0,32.7,47.0,DETECTED,ON,HEALTHY
2026-03-14 09:52:28,253.6,0.0,,,DETECTED,ON,HEALTHY
2026-03-14 09:52:31,215.13,0.0,,,DETECTED,ON,HEALTHY
2026-03-14 09:52:35,159.57,0.0,,,DETECTED,ON,HEALTHY
2026-03-14 09:52:38,238.28,0.0,,,DETECTED,ON,HEALTHY
2026-03-14 09:52:42,170.48,0.0,32.7,46.0,DETECTED,ON,HEALTHY
2026-03-14 09:52:45,122.85,0.0,,,DETECTED,ON,HEALTHY
2026-03-14 09:52:49,252.7,0.0,32.8,46.0,DETECTED,ON,HEALTHY
2026-03-14 09:52:53,217.68,0.0,32.8,46.0,DETECTED,ON,HEALTHY
2026-03-14 09:52:56,253.22,0.0,32.8,46.0,DETECTED,ON,HEALTHY
2026-03-14 09:53:00,254.32,0.0,,,DETECTED,ON,HEALTHY
2026-03-14 09:53:03,254.55,0.0,32.8,46.0,DETECTED,ON,HEALTHY
2026-03-14 09:53:07,254.12,0.0,32.8,46.0,DETECTED,ON,HEALTHY
2026-03-14 09:53:11,253.91,0.0,,,DETECTED,ON,HEALTHY
2026-03-14 09:53:14,253.15,0.0,,,DETECTED,ON,HEALTHY
2026-03-14 09:53:18,186.82,0.0,,,DETECTED,ON,HEALTHY
2026-03-14 09:53:21,230.44,0.0,,,DETECTED,ON,HEALTHY
2026-03-14 09:53:25,253.4,0.0,,,DETECTED,ON,HEALTHY
2026-03-14 09:53:28,212.23,0.0,32.7,46.0,DETECTED,ON,HEALTHY
2026-03-14 09:53:32,252.49,0.0,,,DETECTED,ON,HEALTHY
2026-03-14 09:53:36,254.41,0.0,32.7,46.0,DETECTED,ON,HEALTHY
2026-03-14 09:53:39,205.08,0.0,32.7,46.0,DETECTED,ON,HEALTHY
2026-03-14 09:53:43,177.91,0.0,32.7,46.0,DETECTED,ON,HEALTHY
2026-03-14 09:53:46,253.09,0.0,32.7,46.0,DETECTED,ON,HEALTHY
2026-03-14 09:53:50,253.13,0.0,,,DETECTED,ON,HEALTHY
2026-03-14 09:53:54,115.18,0.0,32.7,46.0,DETECTED,ON,HEALTHY
2026-03-14 09:53:57,253.43,0.0,32.7,46.0,DETECTED,ON,HEALTHY
2026-03-14 09:54:01,214.87,0.0,32.7,46.0,DETECTED,ON,HEALTHY
2026-03-14 09:54:04,253.84,0.0,,,DETECTED,ON,HEALTHY
2026-03-14 09:54:08,253.41,0.0,32.7,45.0,DETECTED,ON,HEALTHY
2026-03-14 09:54:11,253.89,0.0,32.7,45.0,DETECTED,ON,HEALTHY
2026-03-14 09:54:15,252.78,0.0,,,DETECTED,ON,HEALTHY
2026-03-14 09:54:19,259.43,0.0,32.6,45.0,DETECTED,ON,HEALTHY
2026-03-14 09:54:22,211.94,0.0,32.6,45.0,DETECTED,ON,HEALTHY
2026-03-14 09:54:26,136.35,0.0,,,DETECTED,ON,HEALTHY
2026-03-14 09:54:29,258.66,0.0,32.6,45.0,DETECTED,ON,HEALTHY
2026-03-14 09:54:33,252.97,0.0,32.6,45.0,DETECTED,ON,HEALTHY
2026-03-14 09:54:37,253.85,0.0,,,DETECTED,ON,HEALTHY
2026-03-14 09:54:40,255.01,0.0,32.5,45.0,DETECTED,ON,HEALTHY
2026-03-14 09:54:44,253.6,0.0,32.5,45.0,DETECTED,ON,HEALTHY
2026-03-14 09:54:47,252.84,0.0,32.5,45.0,DETECTED,ON,HEALTHY
2026-03-14 09:54:51,255.84,0.0,,,DETECTED,ON,HEALTHY
2026-03-14 09:54:54,253.69,0.0,,,DETECTED,ON,HEALTHY
2026-03-14 09:54:58,253.61,0.0,32.6,45.0,DETECTED,ON,HEALTHY
2026-03-14 09:55:02,139.08,0.0,32.6,45.0,DETECTED,ON,HEALTHY
2026-03-14 09:55:05,253.56,0.0,32.6,45.0,DETECTED,ON,HEALTHY
2026-03-14 09:55:09,252.77,0.0,32.6,45.0,DETECTED,ON,HEALTHY
2026-03-14 09:55:12,184.92,0.0,,,DETECTED,ON,HEALTHY
2026-03-14 09:55:16,256.92,0.0,32.6,45.0,DETECTED,ON,HEALTHY
2026-03-14 09:55:20,254.03,0.0,,,DETECTED,ON,HEALTHY
2026-03-14 09:55:23,252.76,0.0,,,DETECTED,ON,HEALTHY
2026-03-14 09:55:27,215.0,0.0,,,DETECTED,ON,HEALTHY
2026-03-14 09:55:30,115.37,0.0,32.6,45.0,DETECTED,ON,HEALTHY
2026-03-14 09:55:34,254.84,0.0,,,DETECTED,ON,HEALTHY
2026-03-14 09:55:37,259.15,0.0,32.6,45.0,DETECTED,ON,HEALTHY
2026-03-14 09:55:41,253.53,0.0,,,DETECTED,ON,HEALTHY
2026-03-14 09:55:45,254.77,0.0,,,DETECTED,ON,HEALTHY
2026-03-14 09:55:48,253.6,0.0,32.6,45.0,DETECTED,ON,HEALTHY
2026-03-14 09:55:52,253.08,0.0,,,DETECTED,ON,HEALTHY
2026-03-14 09:55:55,253.08,0.0,32.6,45.0,DETECTED,ON,HEALTHY
2026-03-14 09:55:59,124.12,0.0,32.6,45.0,DETECTED,ON,HEALTHY
2026-03-14 09:56:03,253.15,0.0,,,DETECTED,ON,HEALTHY
2026-03-14 09:56:06,253.24,0.0,32.6,45.0,DETECTED,ON,HEALTHY
2026-03-14 09:56:10,253.04,0.0,,,DETECTED,ON,HEALTHY
2026-03-14 09:56:13,253.69,0.0,32.6,45.0,DETECTED,ON,HEALTHY
2026-03-14 09:56:17,253.58,0.0,32.6,45.0,DETECTED,ON,HEALTHY
2026-03-14 09:56:20,254.3,0.0,32.6,45.0,DETECTED,ON,HEALTHY
2026-03-14 09:56:24,253.44,0.0,32.5,45.0,DETECTED,ON,HEALTHY
2026-03-14 09:56:28,253.67,0.0,32.5,45.0,DETECTED,ON,HEALTHY
2026-03-14 09:56:31,253.94,0.0,,,DETECTED,ON,HEALTHY
2026-03-14 09:56:35,253.77,0.0,,,DETECTED,ON,HEALTHY
2026-03-14 09:56:38,253.64,0.0,32.5,45.0,DETECTED,ON,HEALTHY
2026-03-14 09:56:42,253.68,0.0,,,DETECTED,ON,HEALTHY
2026-03-14 09:56:46,253.27,0.0,32.5,45.0,DETECTED,ON,HEALTHY
2026-03-14 09:56:49,254.1,0.0,,,DETECTED,ON,HEALTHY
2026-03-14 09:56:53,252.4,0.0,,,DETECTED,ON,HEALTHY
2026-03-14 09:56:56,254.06,0.0,,,DETECTED,ON,HEALTHY
2026-03-14 09:57:00,254.05,0.0,32.5,45.0,DETECTED,ON,HEALTHY
2026-03-14 09:57:04,252.78,0.0,32.5,45.0,DETECTED,ON,HEALTHY
2026-03-14 09:57:07,255.75,0.0,32.5,45.0,DETECTED,ON,HEALTHY
2026-03-14 09:57:11,253.7,0.0,,,DETECTED,ON,HEALTHY
2026-03-14 09:57:14,128.11,0.0,32.6,45.0,DETECTED,ON,HEALTHY
2026-03-14 09:57:18,254.16,0.0,32.6,45.0,DETECTED,ON,HEALTHY
2026-03-14 09:57:21,252.41,0.0,,,DETECTED,ON,HEALTHY
2026-03-14 09:57:25,150.95,0.0,32.6,45.0,DETECTED,ON,HEALTHY
2026-03-14 09:57:29,253.87,0.0,32.6,45.0,DETECTED,ON,HEALTHY
2026-03-14 09:57:32,129.12,0.0,32.6,45.0,DETECTED,ON,HEALTHY
2026-03-14 09:57:36,253.65,0.0,32.6,44.0,DETECTED,ON,HEALTHY
2026-03-14 09:57:39,252.88,0.0,32.6,44.0,DETECTED,ON,HEALTHY
2026-03-14 09:57:43,253.41,0.0,32.6,44.0,DETECTED,ON,HEALTHY
2026-03-14 09:57:47,253.4,0.0,32.6,44.0,DETECTED,ON,HEALTHY
2026-03-14 09:57:50,215.52,0.0,32.6,44.0,DETECTED,ON,HEALTHY
2026-03-14 09:57:54,253.61,0.0,32.7,44.0,DETECTED,ON,HEALTHY
2026-03-14 09:57:57,213.83,0.0,32.6,44.0,DETECTED,ON,HEALTHY
2026-03-14 09:58:01,252.82,0.0,,,DETECTED,ON,HEALTHY
2026-03-14 09:58:04,257.37,0.0,32.6,44.0,DETECTED,ON,HEALTHY
2026-03-14 09:58:08,252.39,0.0,32.6,44.0,DETECTED,ON,HEALTHY
2026-03-14 09:58:12,153.85,0.0,,,DETECTED,ON,HEALTHY
2026-03-14 09:58:15,253.83,0.0,,,DETECTED,ON,HEALTHY
2026-03-14 09:58:19,253.71,0.0,32.6,44.0,DETECTED,ON,HEALTHY
2026-03-14 09:58:22,253.74,0.0,32.6,44.0,DETECTED,ON,HEALTHY
2026-03-14 09:58:26,253.83,0.0,32.6,44.0,DETECTED,ON,HEALTHY
2026-03-14 09:58:30,254.05,0.0,,,DETECTED,ON,HEALTHY
2026-03-14 09:58:33,255.31,0.0,,,DETECTED,ON,HEALTHY
2026-03-14 09:58:37,252.32,0.0,,,DETECTED,ON,HEALTHY
2026-03-14 09:58:40,253.22,0.0,32.6,44.0,DETECTED,ON,HEALTHY
2026-03-14 09:58:44,253.12,0.0,,,DETECTED,ON,HEALTHY
2026-03-14 09:58:47,254.07,0.0,32.7,44.0,DETECTED,ON,HEALTHY
2026-03-14 09:58:51,254.39,0.0,,,DETECTED,ON,HEALTHY
2026-03-14 09:58:55,253.09,0.0,32.6,44.0,DETECTED,ON,HEALTHY
2026-03-14 09:58:58,163.34,0.0,,,DETECTED,ON,HEALTHY
2026-03-14 09:59:02,132.5,0.0,32.6,44.0,DETECTED,ON,HEALTHY
2026-03-14 09:59:05,252.7,0.0,32.6,44.0,DETECTED,ON,HEALTHY
2026-03-14 09:59:09,253.18,0.0,32.6,44.0,DETECTED,ON,HEALTHY
2026-03-14 09:59:13,252.98,0.0,,,DETECTED,ON,HEALTHY
2026-03-14 09:59:16,253.54,0.0,,,DETECTED,ON,HEALTHY
2026-03-14 09:59:20,253.08,0.0,32.6,44.0,DETECTED,ON,HEALTHY
2026-03-14 09:59:23,252.74,0.0,,,DETECTED,ON,HEALTHY
2026-03-14 09:59:27,253.54,0.0,32.6,44.0,DETECTED,ON,HEALTHY
2026-03-14 09:59:31,167.38,0.0,32.6,44.0,DETECTED,ON,HEALTHY
2026-03-14 09:59:34,253.54,0.0,,,DETECTED,ON,HEALTHY
2026-03-14 09:59:38,253.1,0.0,,,DETECTED,ON,HEALTHY
2026-03-14 09:59:41,253.2,0.0,32.7,44.0,DETECTED,ON,HEALTHY
2026-03-14 09:59:45,254.51,0.0,,,DETECTED,ON,HEALTHY
2026-03-14 09:59:48,254.11,0.0,32.7,44.0,DETECTED,ON,HEALTHY
2026-03-14 09:59:52,253.51,0.0,32.7,44.0,DETECTED,ON,HEALTHY
2026-03-14 09:59:56,254.05,0.0,32.7,44.0,DETECTED,ON,HEALTHY
2026-03-14 09:59:59,254.06,0.0,32.7,44.0,DETECTED,ON,HEALTHY
2026-03-14 10:00:03,253.74,0.0,32.7,44.0,DETECTED,ON,HEALTHY
2026-03-14 10:00:06,253.94,0.0,32.6,44.0,DETECTED,ON,HEALTHY
2026-03-14 10:00:10,252.91,0.0,32.6,43.0,DETECTED,ON,HEALTHY
2026-03-14 10:00:14,254.05,0.0,32.5,43.0,DETECTED,ON,HEALTHY
2026-03-14 10:00:17,254.24,0.0,,,DETECTED,ON,HEALTHY
2026-03-14 10:00:21,254.3,0.0,,,DETECTED,ON,HEALTHY
2026-03-14 10:00:24,254.62,0.0,,,DETECTED,ON,HEALTHY
2026-03-14 10:00:28,252.89,0.0,32.4,43.0,DETECTED,ON,HEALTHY
2026-03-14 10:00:31,212.56,0.0,,,DETECTED,ON,HEALTHY
2026-03-14 10:00:35,213.04,0.0,,,DETECTED,ON,HEALTHY
2026-03-14 10:00:39,253.17,0.0,32.2,43.0,DETECTED,ON,HEALTHY
2026-03-14 10:00:42,216.27,0.0,,,DETECTED,ON,HEALTHY
2026-03-14 10:00:46,253.62,0.0,,,DETECTED,ON,HEALTHY
2026-03-14 10:00:49,254.03,0.0,,,DETECTED,ON,HEALTHY
2026-03-14 10:00:53,253.48,0.0,32.2,44.0,DETECTED,ON,HEALTHY
2026-03-14 10:00:57,213.35,0.0,32.2,44.0,DETECTED,ON,HEALTHY
2026-03-14 10:01:00,253.51,0.0,,,DETECTED,ON,HEALTHY
2026-03-14 10:01:04,253.44,0.0,,,DETECTED,ON,HEALTHY
2026-03-14 10:01:07,253.98,0.0,32.2,44.0,DETECTED,ON,HEALTHY
2026-03-14 10:01:11,255.72,0.0,,,DETECTED,ON,HEALTHY
2026-03-14 10:01:14,190.0,0.0,32.3,44.0,DETECTED,ON,HEALTHY
2026-03-14 10:01:18,122.43,0.0,,,DETECTED,ON,HEALTHY
2026-03-14 10:01:22,253.63,0.0,32.3,44.0,DETECTED,ON,HEALTHY
2026-03-14 10:01:25,207.97,0.0,,,DETECTED,ON,HEALTHY
2026-03-14 10:01:29,107.24,0.0,32.3,44.0,DETECTED,ON,HEALTHY
2026-03-14 10:01:32,122.66,0.0,32.3,44.0,DETECTED,ON,HEALTHY
2026-03-14 10:01:36,254.11,0.0,32.3,44.0,DETECTED,ON,HEALTHY
2026-03-14 10:01:40,253.61,0.0,,,DETECTED,ON,HEALTHY
2026-03-14 10:01:43,195.82,0.0,,,DETECTED,ON,HEALTHY
2026-03-14 10:01:47,107.91,0.0,,,DETECTED,ON,HEALTHY
2026-03-14 10:01:50,144.62,0.0,32.4,44.0,DETECTED,ON,HEALTHY
2026-03-14 10:01:54,226.83,0.0,,,DETECTED,ON,HEALTHY
2026-03-14 10:01:57,187.51,0.0,32.4,44.0,DETECTED,ON,HEALTHY
2026-03-14 10:02:01,132.59,0.0,,,DETECTED,ON,HEALTHY
2026-03-14 10:02:05,254.43,0.0,32.4,44.0,DETECTED,ON,HEALTHY
2026-03-14 10:02:08,179.46,0.0,,,DETECTED,ON,HEALTHY
2026-03-14 10:02:12,224.11,0.0,,,DETECTED,ON,HEALTHY
2026-03-14 10:02:15,156.67,0.0,,,DETECTED,ON,HEALTHY
2026-03-14 10:02:19,253.17,0.0,,,DETECTED,ON,HEALTHY
2026-03-14 10:02:23,252.77,0.0,,,DETECTED,ON,HEALTHY
2026-03-14 10:02:26,253.63,0.0,32.4,44.0,DETECTED,ON,HEALTHY
2026-03-14 10:02:30,253.14,0.0,32.4,44.0,DETECTED,ON,HEALTHY
2026-03-14 10:02:33,254.97,0.0,,,DETECTED,ON,HEALTHY
2026-03-14 10:02:37,254.18,0.0,,,DETECTED,ON,HEALTHY
2026-03-14 10:02:40,253.45,0.0,32.4,44.0,DETECTED,ON,HEALTHY
2026-03-14 10:02:44,253.58,0.0,,,DETECTED,ON,HEALTHY
2026-03-14 10:02:48,253.6,0.0,,,DETECTED,ON,HEALTHY
2026-03-14 10:02:51,254.68,0.0,32.5,44.0,DETECTED,ON,HEALTHY
2026-03-14 10:02:55,254.01,0.0,32.4,44.0,DETECTED,ON,HEALTHY
2026-03-14 10:02:58,254.3,0.0,32.4,43.0,DETECTED,ON,HEALTHY
2026-03-14 10:03:02,141.67,0.0,,,DETECTED,ON,HEALTHY
2026-03-14 10:03:06,254.61,0.0,32.3,43.0,DETECTED,ON,HEALTHY
2026-03-14 10:03:09,219.68,0.0,32.2,43.0,DETECTED,ON,HEALTHY
2026-03-14 10:03:13,253.62,0.0,,,DETECTED,ON,HEALTHY
2026-03-14 10:03:16,253.34,0.0,32.1,43.0,DETECTED,ON,HEALTHY
2026-03-14 10:03:20,146.96,0.0,,,DETECTED,ON,HEALTHY
2026-03-14 10:03:23,254.71,0.0,,,DETECTED,ON,HEALTHY
2026-03-14 10:03:27,254.22,0.0,,,DETECTED,ON,HEALTHY
2026-03-14 10:03:31,254.64,0.0,,,DETECTED,ON,HEALTHY
2026-03-14 10:03:34,255.41,0.0,,,DETECTED,ON,HEALTHY
2026-03-14 10:03:38,253.95,0.0,,,DETECTED,ON,HEALTHY
2026-03-14 10:03:41,254.33,0.0,32.0,43.0,DETECTED,ON,HEALTHY
2026-03-14 10:03:45,254.55,0.0,32.0,43.0,DETECTED,ON,HEALTHY
2026-03-14 10:03:49,138.22,0.0,32.0,44.0,DETECTED,ON,HEALTHY
2026-03-14 10:03:52,253.59,0.0,32.0,44.0,DETECTED,ON,HEALTHY
2026-03-14 10:03:56,253.53,0.0,32.0,44.0,DETECTED,ON,HEALTHY
2026-03-14 10:03:59,253.81,0.0,32.0,44.0,DETECTED,ON,HEALTHY
2026-03-14 10:04:03,254.32,0.0,32.0,44.0,DETECTED,ON,HEALTHY
2026-03-14 10:04:06,252.61,0.0,,,DETECTED,ON,HEALTHY
2026-03-14 10:04:10,253.83,0.0,,,DETECTED,ON,HEALTHY
2026-03-14 10:04:14,252.99,0.0,,,DETECTED,ON,HEALTHY
2026-03-14 10:04:17,254.19,0.0,,,DETECTED,ON,HEALTHY
2026-03-14 10:04:21,252.94,0.0,,,DETECTED,ON,HEALTHY
2026-03-14 10:04:24,253.7,0.0,,,DETECTED,ON,HEALTHY
2026-03-14 10:04:28,252.5,0.0,,,DETECTED,ON,HEALTHY
2026-03-14 10:04:32,252.53,0.0,,,DETECTED,ON,HEALTHY
2026-03-14 10:04:35,253.3,0.0,32.0,44.0,DETECTED,ON,HEALTHY
2026-03-14 10:04:39,128.73,0.0,32.0,44.0,DETECTED,ON,HEALTHY
2026-03-14 10:04:42,91.8,8.2,,,DETECTED,ON,HEALTHY
2026-03-14 10:04:46,254.04,0.0,,,DETECTED,ON,HEALTHY
2026-03-14 10:04:50,212.95,0.0,32.1,44.0,DETECTED,ON,HEALTHY
2026-03-14 10:04:53,254.14,0.0,,,DETECTED,ON,HEALTHY
2026-03-14 10:04:57,175.74,0.0,,,DETECTED,ON,HEALTHY
2026-03-14 10:05:00,253.63,0.0,,,DETECTED,ON,HEALTHY
2026-03-14 10:05:04,252.83,0.0,32.1,44.0,DETECTED,ON,HEALTHY
2026-03-14 10:05:07,256.13,0.0,32.1,44.0,DETECTED,ON,HEALTHY
2026-03-14 10:05:11,254.01,0.0,,,DETECTED,ON,HEALTHY
2026-03-14 10:05:15,253.54,0.0,32.2,44.0,DETECTED,ON,HEALTHY
2026-03-14 10:05:18,253.65,0.0,32.2,44.0,DETECTED,ON,HEALTHY
2026-03-14 10:05:22,243.75,0.0,,,DETECTED,ON,HEALTHY
2026-03-14 10:05:25,253.56,0.0,,,DETECTED,ON,HEALTHY
2026-03-14 10:05:29,254.9,0.0,32.2,44.0,DETECTED,ON,HEALTHY
2026-03-14 10:05:33,253.58,0.0,,,DETECTED,ON,HEALTHY
2026-03-14 10:05:36,253.62,0.0,32.3,44.0,DETECTED,ON,HEALTHY
2026-03-14 10:05:40,253.2,0.0,32.2,44.0,DETECTED,ON,HEALTHY
2026-03-14 10:05:43,253.65,0.0,,,DETECTED,ON,HEALTHY
2026-03-14 10:05:47,252.73,0.0,,,DETECTED,ON,HEALTHY
2026-03-14 10:05:50,253.53,0.0,32.3,44.0,DETECTED,ON,HEALTHY
2026-03-14 10:05:54,130.34,0.0,,,DETECTED,ON,HEALTHY
2026-03-14 10:05:58,252.73,0.0,,,DETECTED,ON,HEALTHY
2026-03-14 10:06:01,135.81,0.0,32.3,44.0,DETECTED,ON,HEALTHY
2026-03-14 10:06:05,253.02,0.0,,,DETECTED,ON,HEALTHY
2026-03-14 10:06:08,252.75,0.0,,,DETECTED,ON,HEALTHY
2026-03-14 10:06:12,253.48,0.0,32.4,44.0,DETECTED,ON,HEALTHY
2026-03-14 10:06:16,251.84,0.0,,,DETECTED,ON,HEALTHY
2026-03-14 10:06:19,254.42,0.0,32.4,44.0,DETECTED,ON,HEALTHY
2026-03-14 10:06:23,252.26,0.0,32.4,44.0,DETECTED,ON,HEALTHY
2026-03-14 10:06:26,253.96,0.0,,,DETECTED,ON,HEALTHY
2026-03-14 10:06:30,252.62,0.0,,,DETECTED,ON,HEALTHY
2026-03-14 10:06:33,257.33,0.0,32.4,44.0,DETECTED,ON,HEALTHY
2026-03-14 10:06:37,256.94,0.0,32.4,44.0,DETECTED,ON,HEALTHY
2026-03-14 10:06:41,253.44,0.0,,,DETECTED,ON,HEALTHY
2026-03-14 10:06:44,119.24,0.0,,,DETECTED,ON,HEALTHY
2026-03-14 10:06:48,253.56,0.0,32.4,44.0,DETECTED,ON,HEALTHY
2026-03-14 10:06:51,177.83,0.0,32.4,44.0,DETECTED,ON,HEALTHY
2026-03-14 10:06:55,254.01,0.0,32.5,44.0,DETECTED,ON,HEALTHY
2026-03-14 10:06:59,252.71,0.0,,,DETECTED,ON,HEALTHY
2026-03-14 10:07:02,253.54,0.0,32.5,44.0,DETECTED,ON,HEALTHY
2026-03-14 10:07:06,253.02,0.0,,,DETECTED,ON,HEALTHY
2026-03-14 10:07:09,253.09,0.0,,,DETECTED,ON,HEALTHY
2026-03-14 10:07:13,254.79,0.0,,,DETECTED,ON,HEALTHY
2026-03-14 10:07:16,252.73,0.0,,,DETECTED,ON,HEALTHY
2026-03-14 10:07:20,253.17,0.0,32.5,44.0,DETECTED,ON,HEALTHY
2026-03-14 10:07:24,255.02,0.0,,,DETECTED,ON,HEALTHY
2026-03-14 10:07:27,254.37,0.0,32.5,44.0,DETECTED,ON,HEALTHY
2026-03-14 10:07:31,254.5,0.0,,,DETECTED,ON,HEALTHY
2026-03-14 10:07:34,252.72,0.0,,,DETECTED,ON,HEALTHY
2026-03-14 10:07:38,253.55,0.0,,,DETECTED,ON,HEALTHY
2026-03-14 10:07:42,252.68,0.0,32.5,44.0,DETECTED,ON,HEALTHY
2026-03-14 10:07:45,254.04,0.0,32.5,44.0,DETECTED,ON,HEALTHY
2026-03-14 10:07:49,253.53,0.0,,,DETECTED,ON,HEALTHY
2026-03-14 10:07:52,254.03,0.0,32.5,44.0,DETECTED,ON,HEALTHY
2026-03-14 10:07:56,253.45,0.0,,,DETECTED,ON,HEALTHY
2026-03-14 10:08:00,253.7,0.0,,,DETECTED,ON,HEALTHY
2026-03-14 10:08:03,252.98,0.0,32.5,44.0,DETECTED,ON,HEALTHY
2026-03-14 10:08:07,253.51,0.0,32.5,44.0,DETECTED,ON,HEALTHY
2026-03-14 10:08:10,253.86,0.0,,,DETECTED,ON,HEALTHY
2026-03-14 10:08:14,252.66,0.0,32.5,44.0,DETECTED,ON,HEALTHY
2026-03-14 10:08:17,216.21,0.0,,,DETECTED,ON,HEALTHY
2026-03-14 10:08:21,253.42,0.0,32.5,44.0,DETECTED,ON,HEALTHY
2026-03-14 10:08:25,253.12,0.0,32.5,44.0,DETECTED,ON,HEALTHY
2026-03-14 10:08:28,255.15,0.0,32.5,44.0,DETECTED,ON,HEALTHY
2026-03-14 10:08:32,253.56,0.0,32.5,44.0,DETECTED,ON,HEALTHY
2026-03-14 10:08:35,253.4,0.0,,,DETECTED,ON,HEALTHY
2026-03-14 10:08:39,252.64,0.0,32.5,44.0,DETECTED,ON,HEALTHY
2026-03-14 10:08:43,253.0,0.0,,,DETECTED,ON,HEALTHY
2026-03-14 10:08:46,252.95,0.0,32.6,44.0,DETECTED,ON,HEALTHY
2026-03-14 10:08:50,253.49,0.0,,,DETECTED,ON,HEALTHY
2026-03-14 10:08:53,252.69,0.0,32.6,44.0,DETECTED,ON,HEALTHY
2026-03-14 10:08:57,253.4,0.0,32.6,44.0,DETECTED,ON,HEALTHY
2026-03-14 10:09:00,253.01,0.0,32.6,44.0,DETECTED,ON,HEALTHY
2026-03-14 10:09:04,253.47,0.0,,,DETECTED,ON,HEALTHY
2026-03-14 10:09:08,252.64,0.0,,,DETECTED,ON,HEALTHY
2026-03-14 10:09:11,253.48,0.0,32.6,44.0,DETECTED,ON,HEALTHY
2026-03-14 10:09:15,252.97,0.0,,,DETECTED,ON,HEALTHY
2026-03-14 10:09:18,253.33,0.0,32.6,44.0,DETECTED,ON,HEALTHY
2026-03-14 10:09:22,253.37,0.0,,,DETECTED,ON,HEALTHY
2026-03-14 10:09:26,252.63,0.0,32.6,44.0,DETECTED,ON,HEALTHY
2026-03-14 10:09:29,253.85,0.0,,,DETECTED,ON,HEALTHY
2026-03-14 10:09:33,253.47,0.0,32.6,44.0,DETECTED,ON,HEALTHY
2026-03-14 10:09:36,253.44,0.0,32.6,44.0,DETECTED,ON,HEALTHY
2026-03-14 10:09:40,253.44,0.0,,,DETECTED,ON,HEALTHY
2026-03-14 10:09:43,253.87,0.0,32.6,44.0,DETECTED,ON,HEALTHY
2026-03-14 10:09:47,253.86,0.0,32.6,44.0,DETECTED,ON,HEALTHY
2026-03-14 10:09:51,74.52,25.48,,,DETECTED,ON,HEALTHY
2026-03-14 10:09:54,253.88,0.0,32.6,44.0,DETECTED,ON,HEALTHY
2026-03-14 10:09:58,215.8,0.0,32.6,44.0,DETECTED,ON,HEALTHY
2026-03-14 10:10:01,253.05,0.0,,,DETECTED,ON,HEALTHY
2026-03-14 10:10:05,253.06,0.0,32.6,44.0,DETECTED,ON,HEALTHY
2026-03-14 10:10:09,252.19,0.0,32.6,44.0,DETECTED,ON,HEALTHY
2026-03-14 10:10:12,253.05,0.0,32.6,44.0,DETECTED,ON,HEALTHY
2026-03-14 10:10:16,146.48,0.0,32.6,44.0,DETECTED,ON,HEALTHY
2026-03-14 10:10:19,85.67,14.33,,,DETECTED,ON,HEALTHY
2026-03-14 10:10:23,253.43,0.0,32.6,44.0,DETECTED,ON,HEALTHY
2026-03-14 10:10:26,253.45,0.0,32.7,44.0,DETECTED,ON,HEALTHY
2026-03-14 10:10:30,253.0,0.0,,,DETECTED,ON,HEALTHY
2026-03-14 10:10:34,253.92,0.0,,,DETECTED,ON,HEALTHY
2026-03-14 10:10:37,94.31,5.69,32.7,44.0,DETECTED,ON,HEALTHY
2026-03-14 10:10:41,253.09,0.0,32.7,44.0,DETECTED,ON,HEALTHY
2026-03-14 10:10:44,215.37,0.0,32.7,44.0,DETECTED,ON,HEALTHY
2026-03-14 10:10:48,253.94,0.0,32.7,44.0,DETECTED,ON,HEALTHY
2026-03-14 10:10:52,253.4,0.0,32.7,44.0,DETECTED,ON,HEALTHY
2026-03-14 10:10:55,252.63,0.0,32.7,44.0,DETECTED,ON,HEALTHY
2026-03-14 10:10:59,252.69,0.0,,,DETECTED,ON,HEALTHY
2026-03-14 10:11:02,253.4,0.0,32.7,44.0,DETECTED,ON,HEALTHY
2026-03-14 10:11:06,252.62,0.0,,,DETECTED,ON,HEALTHY
2026-03-14 10:11:10,139.17,0.0,32.7,44.0,DETECTED,ON,HEALTHY
2026-03-14 10:11:13,253.39,0.0,32.7,44.0,DETECTED,ON,HEALTHY
2026-03-14 10:11:17,181.13,0.0,,,DETECTED,ON,HEALTHY
2026-03-14 10:11:20,253.81,0.0,,,DETECTED,ON,HEALTHY
2026-03-14 10:11:24,262.64,0.0,,,DETECTED,ON,HEALTHY
2026-03-14 10:11:27,252.59,0.0,32.7,44.0,DETECTED,ON,HEALTHY
2026-03-14 10:11:31,253.48,0.0,32.7,44.0,DETECTED,ON,HEALTHY
2026-03-14 10:11:35,213.61,0.0,,,DETECTED,ON,HEALTHY
2026-03-14 10:11:38,118.79,0.0,32.7,44.0,DETECTED,ON,HEALTHY
2026-03-14 10:11:42,253.02,0.0,,,DETECTED,ON,HEALTHY
2026-03-14 10:11:45,253.43,0.0,32.7,44.0,DETECTED,ON,HEALTHY
2026-03-14 10:11:49,258.16,0.0,,,DETECTED,ON,HEALTHY
2026-03-14 10:11:53,253.07,0.0,,,DETECTED,ON,HEALTHY
2026-03-14 10:11:56,252.62,0.0,,,DETECTED,ON,HEALTHY
2026-03-14 10:12:00,175.55,0.0,32.7,44.0,DETECTED,ON,HEALTHY
2026-03-14 10:12:03,185.84,0.0,,,DETECTED,ON,HEALTHY
2026-03-14 10:12:07,118.5,0.0,,,DETECTED,ON,HEALTHY
2026-03-14 10:12:10,119.31,0.0,32.7,44.0,DETECTED,ON,HEALTHY
2026-03-14 10:12:14,210.02,0.0,32.7,44.0,DETECTED,ON,HEALTHY
2026-03-14 10:12:18,253.54,0.0,32.7,44.0,DETECTED,ON,HEALTHY
2026-03-14 10:12:21,253.81,0.0,32.7,44.0,DETECTED,ON,HEALTHY
2026-03-14 10:12:25,252.57,0.0,32.7,44.0,DETECTED,ON,HEALTHY
2026-03-14 10:12:28,252.66,0.0,32.7,44.0,DETECTED,ON,HEALTHY
2026-03-14 10:12:32,253.91,0.0,32.7,44.0,DETECTED,ON,HEALTHY
2026-03-14 10:12:36,254.68,0.0,,,DETECTED,ON,HEALTHY
2026-03-14 10:12:39,102.12,0.0,32.7,44.0,DETECTED,ON,HEALTHY
2026-03-14 10:12:43,254.28,0.0,,,DETECTED,ON,HEALTHY
2026-03-14 10:12:46,191.92,0.0,,,DETECTED,ON,HEALTHY
2026-03-14 10:12:50,253.82,0.0,,,DETECTED,ON,HEALTHY
2026-03-14 10:12:53,253.9,0.0,,,DETECTED,ON,HEALTHY
2026-03-14 10:12:57,252.66,0.0,,,DETECTED,ON,HEALTHY
2026-03-14 10:13:01,252.66,0.0,32.7,44.0,DETECTED,ON,HEALTHY
2026-03-14 10:13:04,252.15,0.0,32.7,44.0,DETECTED,ON,HEALTHY
2026-03-14 10:13:08,255.13,0.0,,,DETECTED,ON,HEALTHY
2026-03-14 10:13:11,252.56,0.0,32.8,44.0,DETECTED,ON,HEALTHY
2026-03-14 10:13:15,254.29,0.0,,,DETECTED,ON,HEALTHY
2026-03-14 10:13:19,253.32,0.0,,,DETECTED,ON,HEALTHY
2026-03-14 10:13:22,253.81,0.0,32.7,44.0,DETECTED,ON,HEALTHY
2026-03-14 10:13:26,251.73,0.0,,,DETECTED,ON,HEALTHY
2026-03-14 10:13:29,253.02,0.0,32.7,44.0,DETECTED,ON,HEALTHY
2026-03-14 10:13:33,214.46,0.0,,,DETECTED,ON,HEALTHY
2026-03-14 10:13:36,253.44,0.0,,,DETECTED,ON,HEALTHY
2026-03-14 10:13:40,253.02,0.0,32.7,44.0,DETECTED,ON,HEALTHY
2026-03-14 10:13:44,253.85,0.0,,,DETECTED,ON,HEALTHY
2026-03-14 10:13:47,252.96,0.0,,,DETECTED,ON,HEALTHY
2026-03-14 10:13:51,253.44,0.0,32.7,44.0,DETECTED,ON,HEALTHY
2026-03-14 10:13:54,254.67,0.0,32.7,44.0,DETECTED,ON,HEALTHY
2026-03-14 10:13:58,253.42,0.0,32.7,44.0,DETECTED,ON,HEALTHY
2026-03-14 10:14:02,253.81,0.0,,,DETECTED,ON,HEALTHY
2026-03-14 10:14:05,252.97,0.0,32.8,44.0,DETECTED,ON,HEALTHY
2026-03-14 10:14:09,253.81,0.0,32.7,44.0,DETECTED,ON,HEALTHY
2026-03-14 10:14:12,254.63,0.0,32.7,44.0,DETECTED,ON,HEALTHY
2026-03-14 10:14:16,253.47,0.0,32.7,44.0,DETECTED,ON,HEALTHY
2026-03-14 10:14:19,253.33,0.0,,,DETECTED,ON,HEALTHY
2026-03-14 10:14:23,254.66,0.0,32.7,44.0,DETECTED,ON,HEALTHY
2026-03-14 10:14:27,144.96,0.0,32.7,44.0,DETECTED,ON,HEALTHY
2026-03-14 10:14:30,252.74,0.0,32.7,44.0,DETECTED,ON,HEALTHY
2026-03-14 10:14:34,253.47,0.0,,,DETECTED,ON,HEALTHY
2026-03-14 10:14:37,253.03,0.0,32.7,44.0,DETECTED,ON,HEALTHY
2026-03-14 10:14:41,254.18,0.0,32.7,44.0,DETECTED,ON,HEALTHY
2026-03-14 10:14:45,167.5,0.0,32.7,44.0,DETECTED,ON,HEALTHY
2026-03-14 10:14:48,254.3,0.0,,,DETECTED,ON,HEALTHY
2026-03-14 10:14:52,252.15,0.0,,,DETECTED,ON,HEALTHY
2026-03-14 10:14:55,252.19,0.0,32.8,44.0,DETECTED,ON,HEALTHY
2026-03-14 10:14:59,143.64,0.0,,,DETECTED,ON,HEALTHY
2026-03-14 10:15:03,122.33,0.0,32.8,44.0,DETECTED,ON,HEALTHY
2026-03-14 10:15:06,252.49,0.0,,,DETECTED,ON,HEALTHY
2026-03-14 10:15:10,117.44,0.0,32.8,44.0,DETECTED,ON,HEALTHY
2026-03-14 10:15:13,253.52,0.0,32.8,44.0,DETECTED,ON,HEALTHY
2026-03-14 10:15:17,216.58,0.0,32.8,44.0,DETECTED,ON,HEALTHY
2026-03-14 10:15:20,139.92,0.0,,,DETECTED,ON,HEALTHY
2026-03-14 10:15:24,117.16,0.0,,,DETECTED,ON,HEALTHY
2026-03-14 10:15:28,227.33,0.0,,,DETECTED,ON,HEALTHY
2026-03-14 10:15:31,127.28,0.0,,,DETECTED,ON,HEALTHY
2026-03-14 10:15:35,255.17,0.0,32.8,44.0,DETECTED,ON,HEALTHY
2026-03-14 10:15:38,252.95,0.0,,,DETECTED,ON,HEALTHY
2026-03-14 10:15:42,253.09,0.0,32.8,44.0,DETECTED,ON,HEALTHY
2026-03-14 10:15:46,251.76,0.0,,,DETECTED,ON,HEALTHY
2026-03-14 10:15:49,253.0,0.0,,,DETECTED,ON,HEALTHY
2026-03-14 10:15:53,252.98,0.0,32.9,44.0,DETECTED,ON,HEALTHY
2026-03-14 10:15:56,254.65,0.0,,,DETECTED,ON,HEALTHY
2026-03-14 10:16:00,217.62,0.0,32.8,44.0,DETECTED,ON,HEALTHY
2026-03-14 10:16:03,253.93,0.0,,,DETECTED,ON,HEALTHY
2026-03-14 10:16:07,253.4,0.0,,,DETECTED,ON,HEALTHY
2026-03-14 10:16:11,253.03,0.0,,,DETECTED,ON,HEALTHY
2026-03-14 10:16:14,252.66,0.0,,,DETECTED,ON,HEALTHY
2026-03-14 10:16:18,252.57,0.0,,,DETECTED,ON,HEALTHY
2026-03-14 10:16:21,212.92,0.0,32.8,44.0,DETECTED,ON,HEALTHY
2026-03-14 10:16:25,254.16,0.0,32.8,44.0,DETECTED,ON,HEALTHY
2026-03-14 10:16:29,253.83,0.0,,,DETECTED,ON,HEALTHY
2026-03-14 10:16:32,253.33,0.0,,,DETECTED,ON,HEALTHY
2026-03-14 10:16:36,143.9,0.0,,,DETECTED,ON,HEALTHY
2026-03-14 10:16:39,252.4,0.0,32.8,44.0,DETECTED,ON,HEALTHY
2026-03-14 10:16:43,254.11,0.0,,,DETECTED,ON,HEALTHY
2026-03-14 10:16:46,253.62,0.0,,,DETECTED,ON,HEALTHY
2026-03-14 10:16:50,130.42,0.0,32.8,44.0,DETECTED,ON,HEALTHY
2026-03-14 10:16:54,251.6,0.0,,,DETECTED,ON,HEALTHY
2026-03-14 10:16:57,180.17,0.0,,,DETECTED,ON,HEALTHY
2026-03-14 10:17:01,253.88,0.0,32.8,44.0,DETECTED,ON,HEALTHY
2026-03-14 10:17:04,254.41,0.0,32.8,43.0,DETECTED,ON,HEALTHY
2026-03-14 10:17:08,249.46,0.0,32.7,43.0,DETECTED,ON,HEALTHY
2026-03-14 10:17:12,255.98,0.0,32.7,43.0,DETECTED,ON,HEALTHY
2026-03-14 10:17:15,254.06,0.0,32.7,43.0,DETECTED,ON,HEALTHY
2026-03-14 10:17:19,253.32,0.0,32.7,43.0,DETECTED,ON,HEALTHY
2026-03-14 10:17:22,253.28,0.0,,,DETECTED,ON,HEALTHY
2026-03-14 10:17:26,254.96,0.0,32.7,43.0,DETECTED,ON,HEALTHY
2026-03-14 10:17:29,254.1,0.0,32.7,43.0,DETECTED,ON,HEALTHY
2026-03-14 10:17:33,257.88,0.0,32.8,43.0,DETECTED,ON,HEALTHY
2026-03-14 10:17:37,253.57,0.0,32.7,43.0,DETECTED,ON,HEALTHY
2026-03-14 10:17:40,253.62,0.0,32.7,43.0,DETECTED,ON,HEALTHY
2026-03-14 10:17:44,252.36,0.0,,,DETECTED,ON,HEALTHY
2026-03-14 10:17:47,216.37,0.0,32.7,43.0,DETECTED,ON,HEALTHY
2026-03-14 10:17:51,254.01,0.0,,,DETECTED,ON,HEALTHY
2026-03-14 10:17:55,253.62,0.0,32.7,43.0,DETECTED,ON,HEALTHY
2026-03-14 10:17:58,254.05,0.0,,,DETECTED,ON,HEALTHY
2026-03-14 10:18:02,253.6,0.0,,,DETECTED,ON,HEALTHY
2026-03-14 10:18:05,254.54,0.0,,,DETECTED,ON,HEALTHY
2026-03-14 10:18:09,240.16,0.0,32.7,43.0,DETECTED,ON,HEALTHY
2026-03-14 10:18:12,253.23,0.0,32.7,43.0,DETECTED,ON,HEALTHY
2026-03-14 10:18:16,254.2,0.0,,,DETECTED,ON,HEALTHY
2026-03-14 10:18:20,255.15,0.0,32.7,43.0,DETECTED,ON,HEALTHY
2026-03-14 10:18:23,253.91,0.0,,,DETECTED,ON,HEALTHY
2026-03-14 10:18:27,253.95,0.0,,,DETECTED,ON,HEALTHY
2026-03-14 10:18:30,254.77,0.0,32.7,43.0,DETECTED,ON,HEALTHY
2026-03-14 10:18:34,254.38,0.0,,,DETECTED,ON,HEALTHY
2026-03-14 10:18:38,161.07,0.0,32.6,43.0,DETECTED,ON,HEALTHY
2026-03-14 10:18:41,253.06,0.0,,,DETECTED,ON,HEALTHY
2026-03-14 10:18:45,252.14,0.0,32.6,43.0,DETECTED,ON,HEALTHY
2026-03-14 10:18:48,183.05,0.0,,,DETECTED,ON,HEALTHY
2026-03-14 10:18:52,248.69,0.0,,,DETECTED,ON,HEALTHY
2026-03-14 10:18:56,133.02,0.0,32.5,43.0,DETECTED,ON,HEALTHY
2026-03-14 10:18:59,154.83,0.0,,,DETECTED,ON,HEALTHY
2026-03-14 10:19:03,255.61,0.0,,,DETECTED,ON,HEALTHY
2026-03-14 10:19:06,253.32,0.0,,,DETECTED,ON,HEALTHY
2026-03-14 10:19:10,257.03,0.0,,,DETECTED,ON,HEALTHY
2026-03-14 10:19:13,228.6,0.0,32.5,43.0,DETECTED,ON,HEALTHY
2026-03-14 10:19:17,184.57,0.0,,,DETECTED,ON,HEALTHY
2026-03-14 10:19:21,213.5,0.0,,,DETECTED,ON,HEALTHY
2026-03-14 10:19:24,213.12,0.0,,,DETECTED,ON,HEALTHY
2026-03-14 10:19:28,199.26,0.0,,,DETECTED,ON,HEALTHY
2026-03-14 10:19:31,207.67,0.0,,,DETECTED,ON,HEALTHY
2026-03-14 10:19:35,253.33,0.0,32.5,43.0,DETECTED,ON,HEALTHY
2026-03-14 10:19:39,253.69,0.0,,,DETECTED,ON,HEALTHY
2026-03-14 10:19:42,254.2,0.0,32.5,43.0,DETECTED,ON,HEALTHY
2026-03-14 10:19:46,131.67,0.0,,,DETECTED,ON,HEALTHY
2026-03-14 10:19:49,166.07,0.0,32.4,43.0,DETECTED,ON,HEALTHY
2026-03-14 10:19:53,202.3,0.0,,,DETECTED,ON,HEALTHY
2026-03-14 10:19:56,253.69,0.0,32.4,42.0,DETECTED,ON,HEALTHY
2026-03-14 10:20:00,116.89,0.0,,,DETECTED,ON,HEALTHY
2026-03-14 10:20:04,253.62,0.0,32.4,43.0,DETECTED,ON,HEALTHY
2026-03-14 10:20:07,254.03,0.0,32.5,43.0,DETECTED,ON,HEALTHY
2026-03-14 10:20:11,253.62,0.0,32.4,43.0,DETECTED,ON,HEALTHY
2026-03-14 10:20:14,253.29,0.0,32.4,43.0,DETECTED,ON,HEALTHY
2026-03-14 10:20:18,254.9,0.0,,,DETECTED,ON,HEALTHY
2026-03-14 10:20:22,254.12,0.0,,,DETECTED,ON,HEALTHY
2026-03-14 10:20:25,253.58,0.0,,,DETECTED,ON,HEALTHY
2026-03-14 10:20:29,253.6,0.0,,,DETECTED,ON,HEALTHY
2026-03-14 10:20:32,253.13,0.0,,,DETECTED,ON,HEALTHY
2026-03-14 10:20:36,103.84,0.0,32.4,43.0,DETECTED,ON,HEALTHY
2026-03-14 10:20:39,192.73,0.0,,,DETECTED,ON,HEALTHY
2026-03-14 10:20:43,254.46,0.0,,,DETECTED,ON,HEALTHY
2026-03-14 10:20:47,101.62,0.0,32.4,43.0,DETECTED,ON,HEALTHY
2026-03-14 10:20:50,254.0,0.0,,,DETECTED,ON,HEALTHY
2026-03-14 10:20:54,253.06,0.0,,,DETECTED,ON,HEALTHY
2026-03-14 10:20:57,257.36,0.0,,,DETECTED,ON,HEALTHY
2026-03-14 10:21:01,158.19,0.0,32.5,43.0,DETECTED,ON,HEALTHY
2026-03-14 10:21:05,253.05,0.0,32.5,43.0,DETECTED,ON,HEALTHY
2026-03-14 10:21:08,252.73,0.0,,,DETECTED,ON,HEALTHY
2026-03-14 10:21:12,253.22,0.0,,,DETECTED,ON,HEALTHY
2026-03-14 10:21:15,253.46,0.0,,,DETECTED,ON,HEALTHY
2026-03-14 10:21:19,253.94,0.0,32.5,43.0,DETECTED,ON,HEALTHY
2026-03-14 10:21:22,257.38,0.0,32.5,43.0,DETECTED,ON,HEALTHY
2026-03-14 10:21:26,253.22,0.0,,,DETECTED,ON,HEALTHY
2026-03-14 10:21:30,137.3,0.0,32.5,43.0,DETECTED,ON,HEALTHY
2026-03-14 10:21:33,253.24,0.0,32.5,43.0,DETECTED,ON,HEALTHY
2026-03-14 10:21:37,254.97,0.0,32.5,43.0,DETECTED,ON,HEALTHY
2026-03-14 10:21:40,213.84,0.0,,,DETECTED,ON,HEALTHY
2026-03-14 10:21:44,253.15,0.0,,,DETECTED,ON,HEALTHY
2026-03-14 10:21:48,253.18,0.0,,,DETECTED,ON,HEALTHY
2026-03-14 10:21:51,138.44,0.0,,,DETECTED,ON,HEALTHY
2026-03-14 10:21:55,97.69,2.31,,,DETECTED,ON,HEALTHY
2026-03-14 10:21:58,215.1,0.0,,,DETECTED,ON,HEALTHY
2026-03-14 10:22:02,253.16,0.0,,,DETECTED,ON,HEALTHY
2026-03-14 10:22:05,253.31,0.0,,,DETECTED,ON,HEALTHY
2026-03-14 10:22:09,125.99,0.0,,,DETECTED,ON,HEALTHY
2026-03-14 10:22:13,216.38,0.0,32.6,43.0,DETECTED,ON,HEALTHY
2026-03-14 10:22:16,151.14,0.0,32.6,43.0,DETECTED,ON,HEALTHY
2026-03-14 10:22:20,252.71,0.0,,,DETECTED,ON,HEALTHY
2026-03-14 10:22:23,254.03,0.0,32.6,43.0,DETECTED,ON,HEALTHY
2026-03-14 10:22:27,110.08,0.0,32.6,43.0,DETECTED,ON,HEALTHY
2026-03-14 10:22:31,252.42,0.0,32.6,43.0,DETECTED,ON,HEALTHY
2026-03-14 10:22:34,253.18,0.0,,,DETECTED,ON,HEALTHY
2026-03-14 10:22:38,253.4,0.0,,,DETECTED,ON,HEALTHY
2026-03-14 10:22:41,253.6,0.0,,,DETECTED,ON,HEALTHY
2026-03-14 10:22:45,254.7,0.0,,,DETECTED,ON,HEALTHY
2026-03-14 10:22:48,253.56,0.0,,,DETECTED,ON,HEALTHY
2026-03-14 10:22:52,253.65,0.0,32.7,43.0,DETECTED,ON,HEALTHY
2026-03-14 10:26:26,218.45,0.0,32.7,43.0,DETECTED,ON,HEALTHY
2026-03-14 10:26:29,252.66,0.0,,,DETECTED,ON,HEALTHY
2026-03-14 10:26:33,253.49,0.0,32.8,43.0,DETECTED,ON,HEALTHY
2026-03-14 10:26:36,252.97,0.0,,,DETECTED,ON,HEALTHY
2026-03-14 10:26:40,253.94,0.0,32.8,43.0,DETECTED,ON,HEALTHY
2026-03-14 10:26:44,254.75,0.0,32.7,43.0,DETECTED,ON,HEALTHY
2026-03-14 10:26:47,254.38,0.0,,,DETECTED,ON,HEALTHY
2026-03-14 10:26:51,143.71,0.0,,,DETECTED,ON,HEALTHY
2026-03-14 10:26:54,136.46,0.0,32.7,43.0,DETECTED,ON,HEALTHY
2026-03-14 10:26:58,253.45,0.0,,,DETECTED,ON,HEALTHY
2026-03-14 10:27:01,151.93,0.0,32.7,43.0,DETECTED,ON,HEALTHY
2026-03-14 10:27:05,252.97,0.0,,,DETECTED,ON,HEALTHY
2026-03-14 10:27:09,253.56,0.0,,,DETECTED,ON,HEALTHY
2026-03-14 10:27:12,252.64,0.0,32.7,43.0,DETECTED,ON,HEALTHY
2026-03-14 10:27:16,252.68,0.0,,,DETECTED,ON,HEALTHY
2026-03-14 10:27:19,253.11,0.0,,,DETECTED,ON,HEALTHY
2026-03-14 10:27:23,253.1,0.0,32.7,43.0,DETECTED,ON,HEALTHY
2026-03-14 10:27:27,252.66,0.0,,,DETECTED,ON,HEALTHY
2026-03-14 10:27:30,251.76,0.0,,,DETECTED,ON,HEALTHY
2026-03-14 10:27:34,252.66,0.0,32.8,43.0,DETECTED,ON,HEALTHY
2026-03-14 10:27:37,252.93,0.0,,,DETECTED,ON,HEALTHY
2026-03-14 10:27:41,253.52,0.0,32.8,43.0,DETECTED,ON,HEALTHY
2026-03-14 10:27:45,254.25,0.0,32.8,43.0,DETECTED,ON,HEALTHY
2026-03-14 10:27:48,227.78,0.0,,,DETECTED,ON,HEALTHY
2026-03-14 10:27:52,100.66,0.0,32.8,43.0,DETECTED,ON,HEALTHY
2026-03-14 10:27:56,255.94,0.0,,,DETECTED,ON,HEALTHY
2026-03-14 10:27:59,97.33,2.67,32.8,43.0,DETECTED,ON,HEALTHY
2026-03-14 10:28:03,133.5,0.0,32.8,43.0,DETECTED,ON,HEALTHY
2026-03-14 10:28:06,253.49,0.0,,,DETECTED,ON,HEALTHY
2026-03-14 10:28:10,253.03,0.0,32.8,43.0,DETECTED,ON,HEALTHY
2026-03-14 10:28:14,252.68,0.0,,,DETECTED,ON,HEALTHY
2026-03-14 10:28:17,253.14,0.0,,,DETECTED,ON,HEALTHY
2026-03-14 10:28:21,215.35,0.0,32.8,43.0,DETECTED,ON,HEALTHY
2026-03-14 10:28:24,65.31,34.69,,,DETECTED,ON,HEALTHY
2026-03-14 10:28:28,253.09,0.0,32.8,43.0,DETECTED,ON,HEALTHY
2026-03-14 10:28:31,253.53,0.0,32.8,43.0,DETECTED,ON,HEALTHY
2026-03-14 10:28:35,168.2,0.0,32.8,43.0,DETECTED,ON,HEALTHY
2026-03-14 10:28:39,156.86,0.0,32.8,43.0,DETECTED,ON,HEALTHY
2026-03-14 10:28:42,253.7,0.0,32.8,43.0,DETECTED,ON,HEALTHY
2026-03-14 10:28:46,151.11,0.0,32.8,43.0,DETECTED,ON,HEALTHY
2026-03-14 10:28:49,254.02,0.0,32.8,43.0,DETECTED,ON,HEALTHY
2026-03-14 10:28:53,253.12,0.0,32.8,42.0,DETECTED,ON,HEALTHY
2026-03-14 10:28:57,180.66,0.0,,,DETECTED,ON,HEALTHY
2026-03-14 10:29:00,253.25,0.0,,,DETECTED,ON,HEALTHY
2026-03-14 10:29:04,257.46,0.0,,,DETECTED,ON,HEALTHY
2026-03-14 10:29:07,253.18,0.0,,,DETECTED,ON,HEALTHY
2026-03-14 10:29:11,253.63,0.0,32.8,42.0,DETECTED,ON,HEALTHY
2026-03-14 10:29:14,253.33,0.0,32.8,42.0,DETECTED,ON,HEALTHY
2026-03-14 10:29:18,253.39,0.0,32.8,41.0,DETECTED,ON,HEALTHY
2026-03-14 10:29:22,254.23,0.0,,,DETECTED,ON,HEALTHY
2026-03-14 10:29:25,252.95,0.0,32.7,41.0,DETECTED,ON,HEALTHY
2026-03-14 10:29:29,253.23,0.0,32.7,41.0,DETECTED,ON,HEALTHY
2026-03-14 10:29:32,253.63,0.0,,,DETECTED,ON,HEALTHY
2026-03-14 10:29:36,253.59,0.0,32.7,41.0,DETECTED,ON,HEALTHY
2026-03-14 10:29:40,252.97,0.0,,,DETECTED,ON,HEALTHY
2026-03-14 10:29:43,125.4,0.0,,,DETECTED,ON,HEALTHY
2026-03-14 10:29:47,253.45,0.0,,,DETECTED,ON,HEALTHY
2026-03-14 10:29:50,214.91,0.0,32.8,41.0,DETECTED,ON,HEALTHY
2026-03-14 10:29:54,254.27,0.0,32.7,41.0,DETECTED,ON,HEALTHY
2026-03-14 10:29:58,243.46,0.0,,,DETECTED,ON,HEALTHY
2026-03-14 10:32:59,254.58,0.0,32.2,39.0,DETECTED,ON,HEALTHY
2026-03-14 10:33:03,215.14,0.0,,,DETECTED,ON,HEALTHY
2026-03-14 10:33:06,254.95,0.0,,,DETECTED,ON,HEALTHY
2026-03-14 10:33:10,150.3,0.0,32.2,39.0,DETECTED,ON,HEALTHY
2026-03-14 10:33:13,253.92,0.0,32.2,39.0,DETECTED,ON,HEALTHY
2026-03-14 10:33:17,253.88,0.0,,,DETECTED,ON,HEALTHY
2026-03-14 10:33:20,10.22,89.78,,,DETECTED,ON,HEALTHY
2026-03-14 10:33:24,15.74,84.26,,,DETECTED,ON,HEALTHY
2026-03-14 10:33:28,5.12,94.88,,,DETECTED,ON,HEALTHY
2026-03-14 10:33:31,254.03,0.0,32.1,38.0,DETECTED,ON,HEALTHY
2026-03-14 10:33:35,255.07,0.0,,,DETECTED,ON,HEALTHY
2026-03-14 10:33:38,253.6,0.0,32.1,38.0,DETECTED,ON,HEALTHY
2026-03-14 10:33:42,254.77,0.0,,,DETECTED,ON,HEALTHY
2026-03-14 10:33:46,256.1,0.0,,,DETECTED,ON,HEALTHY
2026-03-14 10:33:49,253.83,0.0,32.1,39.0,DETECTED,ON,HEALTHY
2026-03-14 10:33:53,215.2,0.0,,,DETECTED,ON,HEALTHY
2026-03-14 10:33:56,254.58,0.0,32.1,39.0,DETECTED,ON,HEALTHY
2026-03-14 10:34:00,117.2,0.0,,,DETECTED,ON,HEALTHY
2026-03-14 10:34:03,253.31,0.0,,,DETECTED,ON,HEALTHY
2026-03-14 10:34:07,255.01,0.0,32.2,39.0,DETECTED,ON,HEALTHY
2026-03-14 10:34:11,254.7,0.0,,,DETECTED,ON,HEALTHY
2026-03-14 10:34:14,252.94,0.0,32.2,39.0,DETECTED,ON,HEALTHY
2026-03-14 10:34:18,253.66,0.0,,,DETECTED,ON,HEALTHY
2026-03-14 11:19:49,254.32,0.0,32.0,30.0,NORMAL,ON,LOW_WATER_WARNING
2026-03-14 11:19:53,120.83,0.0,32.0,30.0,NORMAL,ON,LOW_WATER_WARNING
2026-03-14 11:19:57,253.78,0.0,32.0,30.0,NORMAL,ON,LOW_WATER_WARNING
2026-03-14 11:20:00,254.88,0.0,32.0,30.0,NORMAL,ON,LOW_WATER_WARNING
2026-03-14 11:20:04,253.2,0.0,32.0,30.0,NORMAL,ON,LOW_WATER_WARNING
2026-03-14 11:20:07,254.11,0.0,32.0,30.0,NORMAL,ON,LOW_WATER_WARNING
2026-03-14 11:20:11,254.49,0.0,,,NORMAL,ON,LOW_WATER_WARNING
2026-03-14 11:20:15,145.38,0.0,32.0,30.0,NORMAL,ON,LOW_WATER_WARNING
2026-03-14 11:20:18,253.72,0.0,32.0,30.0,NORMAL,ON,LOW_WATER_WARNING
2026-03-14 11:20:22,254.06,0.0,32.0,30.0,NORMAL,ON,LOW_WATER_WARNING
2026-03-14 11:20:25,253.62,0.0,,,NORMAL,ON,LOW_WATER_WARNING
2026-03-14 11:20:29,253.22,0.0,32.0,30.0,NORMAL,ON,LOW_WATER_WARNING
2026-03-14 11:20:32,254.83,0.0,32.0,30.0,NORMAL,ON,LOW_WATER_WARNING
2026-03-14 11:20:36,253.92,0.0,32.0,30.0,NORMAL,ON,LOW_WATER_WARNING
2026-03-14 11:20:40,253.98,0.0,32.0,30.0,NORMAL,ON,LOW_WATER_WARNING
2026-03-14 11:20:43,132.56,0.0,32.0,30.0,NORMAL,ON,LOW_WATER_WARNING
2026-03-14 11:20:47,255.25,0.0,32.0,30.0,NORMAL,ON,LOW_WATER_WARNING
2026-03-14 11:20:50,253.24,0.0,,,NORMAL,ON,LOW_WATER_WARNING
2026-03-14 11:20:54,254.07,0.0,,,NORMAL,ON,LOW_WATER_WARNING
2026-03-14 11:20:58,254.86,0.0,,,NORMAL,ON,LOW_WATER_WARNING
2026-03-14 11:21:01,254.41,0.0,,,NORMAL,ON,LOW_WATER_WARNING
2026-03-14 11:21:05,253.99,0.0,32.0,30.0,NORMAL,ON,LOW_WATER_WARNING
2026-03-14 11:21:08,254.07,0.0,32.0,30.0,NORMAL,ON,LOW_WATER_WARNING
2026-03-14 11:21:12,254.5,0.0,,,NORMAL,ON,LOW_WATER_WARNING
2026-03-14 11:21:15,119.78,0.0,,,NORMAL,ON,LOW_WATER_WARNING
2026-03-14 11:22:15,254.87,0.0,32.0,30.0,NORMAL,ON,LOW_WATER_WARNING
2026-03-14 11:22:19,254.03,0.0,32.0,30.0,NORMAL,ON,LOW_WATER_WARNING
2026-03-14 11:22:22,254.37,0.0,,,NORMAL,ON,LOW_WATER_WARNING
2026-03-14 11:22:26,255.12,0.0,,,NORMAL,ON,LOW_WATER_WARNING
2026-03-14 11:22:29,255.1,0.0,,,NORMAL,ON,LOW_WATER_WARNING
2026-03-14 11:22:33,254.38,0.0,,,NORMAL,ON,LOW_WATER_WARNING
2026-03-14 11:22:37,227.66,0.0,32.0,30.0,NORMAL,ON,LOW_WATER_WARNING
2026-03-14 11:22:40,255.21,0.0,32.0,30.0,NORMAL,ON,LOW_WATER_WARNING
2026-03-14 11:22:44,253.57,0.0,,,NORMAL,ON,LOW_WATER_WARNING
2026-03-14 11:22:47,253.63,0.0,32.0,30.0,NORMAL,ON,LOW_WATER_WARNING
2026-03-14 11:22:51,241.76,0.0,,,NORMAL,ON,LOW_WATER_WARNING
2026-03-14 11:22:54,254.44,0.0,,,NORMAL,ON,LOW_WATER_WARNING
2026-03-14 11:22:58,6.54,93.46,,,NORMAL,ON,HEALTHY
2026-03-14 11:23:02,4.45,95.55,32.1,30.0,NORMAL,ON,HEALTHY
2026-03-14 11:23:05,216.19,0.0,,,NORMAL,ON,LOW_WATER_WARNING
2026-03-14 11:23:09,255.85,0.0,,,NORMAL,ON,LOW_WATER_WARNING
2026-03-14 11:23:12,185.46,0.0,32.0,30.0,NORMAL,ON,LOW_WATER_WARNING
2026-03-14 11:23:16,253.22,0.0,32.0,30.0,NORMAL,ON,LOW_WATER_WARNING
2026-03-14 11:23:20,133.51,0.0,32.0,30.0,NORMAL,ON,LOW_WATER_WARNING
2026-03-14 11:23:23,253.6,0.0,,,NORMAL,ON,LOW_WATER_WARNING
2026-03-14 11:23:27,254.11,0.0,,,NORMAL,ON,LOW_WATER_WARNING
2026-03-14 11:23:30,87.34,12.66,32.0,30.0,NORMAL,ON,LOW_WATER_WARNING
2026-03-14 11:23:34,253.2,0.0,,,NORMAL,ON,LOW_WATER_WARNING
2026-03-14 11:23:37,254.11,0.0,,,NORMAL,ON,LOW_WATER_WARNING
2026-03-14 11:23:41,186.56,0.0,32.0,30.0,NORMAL,ON,LOW_WATER_WARNING
2026-03-14 11:23:45,254.45,0.0,,,NORMAL,ON,LOW_WATER_WARNING
2026-03-14 11:23:48,253.57,0.0,32.0,30.0,NORMAL,ON,LOW_WATER_WARNING
2026-03-14 11:23:52,253.58,0.0,32.0,30.0,NORMAL,ON,LOW_WATER_WARNING
2026-03-14 11:23:55,254.2,0.0,,,NORMAL,ON,LOW_WATER_WARNING
2026-03-14 11:23:59,254.06,0.0,32.0,30.0,NORMAL,ON,LOW_WATER_WARNING
2026-03-14 11:24:03,253.7,0.0,,,NORMAL,ON,LOW_WATER_WARNING
2026-03-14 11:24:06,255.02,0.0,32.0,30.0,NORMAL,ON,LOW_WATER_WARNING
2026-03-14 11:24:10,254.92,0.0,32.0,30.0,NORMAL,ON,LOW_WATER_WARNING
2026-03-14 11:24:13,254.93,0.0,,,NORMAL,ON,LOW_WATER_WARNING
2026-03-14 11:24:17,255.29,0.0,32.0,30.0,NORMAL,ON,LOW_WATER_WARNING
2026-03-14 11:24:20,254.01,0.0,32.0,30.0,NORMAL,ON,LOW_WATER_WARNING
2026-03-14 11:24:24,254.34,0.0,32.0,30.0,NORMAL,ON,LOW_WATER_WARNING
2026-03-14 11:24:28,241.8,0.0,,,NORMAL,ON,LOW_WATER_WARNING
2026-03-14 11:24:31,252.83,0.0,,,NORMAL,ON,LOW_WATER_WARNING
2026-03-14 11:24:35,254.5,0.0,,,NORMAL,ON,LOW_WATER_WARNING
2026-03-14 11:24:38,253.98,0.0,32.0,30.0,NORMAL,ON,LOW_WATER_WARNING
2026-03-14 11:24:42,254.04,0.0,,,NORMAL,ON,LOW_WATER_WARNING
2026-03-14 11:24:46,132.17,0.0,,,NORMAL,ON,LOW_WATER_WARNING
2026-03-14 11:24:49,254.43,0.0,,,NORMAL,ON,LOW_WATER_WARNING
2026-03-14 11:24:53,254.48,0.0,32.0,30.0,NORMAL,ON,LOW_WATER_WARNING
2026-03-14 11:24:56,255.4,0.0,32.0,30.0,NORMAL,ON,LOW_WATER_WARNING
2026-03-14 11:25:00,169.94,0.0,32.0,30.0,NORMAL,ON,LOW_WATER_WARNING
2026-03-14 11:25:04,253.56,0.0,,,NORMAL,ON,LOW_WATER_WARNING
2026-03-14 11:25:07,253.09,0.0,32.0,30.0,NORMAL,ON,LOW_WATER_WARNING
2026-03-14 11:25:11,253.69,0.0,32.0,30.0,NORMAL,ON,LOW_WATER_WARNING
2026-03-14 11:25:14,215.05,0.0,32.0,30.0,NORMAL,ON,LOW_WATER_WARNING
2026-03-14 11:25:18,8.9,91.1,32.0,30.0,NORMAL,ON,HEALTHY
2026-03-14 11:25:21,62.5,37.5,32.0,30.0,NORMAL,ON,HEALTHY
2026-03-14 11:25:25,-1.0,-1.0,32.0,30.0,NORMAL,OFF,SENSOR_ERROR
2026-03-14 11:25:29,6.35,93.65,,,NORMAL,ON,HEALTHY
2026-03-14 11:25:32,6.33,93.67,32.0,30.0,NORMAL,ON,HEALTHY
2026-03-14 11:25:36,6.35,93.65,,,NORMAL,ON,HEALTHY
2026-03-14 11:25:39,6.34,93.66,,,NORMAL,ON,HEALTHY
2026-03-14 11:25:43,7.2,92.8,32.0,30.0,NORMAL,ON,HEALTHY
2026-03-14 11:25:46,6.34,93.66,,,NORMAL,ON,HEALTHY
2026-03-14 11:25:50,6.36,93.64,32.0,30.0,NORMAL,ON,HEALTHY
2026-03-14 11:25:54,6.38,93.62,,,NORMAL,ON,HEALTHY
2026-03-14 11:25:57,6.35,93.65,32.0,30.0,NORMAL,ON,HEALTHY
2026-03-14 11:26:01,-1.0,-1.0,32.0,30.0,NORMAL,OFF,SENSOR_ERROR
2026-03-14 11:26:04,-1.0,-1.0,32.0,30.0,NORMAL,OFF,SENSOR_ERROR
2026-03-14 11:26:08,326.37,0.0,,,NORMAL,ON,LOW_WATER_WARNING
2026-03-14 11:26:12,-1.0,-1.0,32.0,30.0,NORMAL,OFF,SENSOR_ERROR
2026-03-14 11:26:15,-1.0,-1.0,32.0,30.0,NORMAL,OFF,SENSOR_ERROR
2026-03-14 11:26:19,-1.0,-1.0,,,NORMAL,OFF,SENSOR_ERROR
2026-03-14 11:26:22,256.89,0.0,32.0,30.0,NORMAL,ON,LOW_WATER_WARNING
2026-03-14 11:26:26,117.78,0.0,32.0,30.0,NORMAL,ON,LOW_WATER_WARNING
2026-03-14 11:26:30,-1.0,-1.0,32.1,30.0,NORMAL,OFF,SENSOR_ERROR
2026-03-14 11:26:33,-1.0,-1.0,32.1,30.0,NORMAL,OFF,SENSOR_ERROR
2026-03-14 11:26:37,-1.0,-1.0,32.1,30.0,NORMAL,OFF,SENSOR_ERROR
2026-03-14 11:26:40,217.0,0.0,,,NORMAL,ON,LOW_WATER_WARNING
2026-03-14 11:26:44,-1.0,-1.0,32.1,30.0,NORMAL,OFF,SENSOR_ERROR
2026-03-14 11:26:48,334.73,0.0,,,NORMAL,ON,LOW_WATER_WARNING
2026-03-14 11:26:51,252.48,0.0,32.2,30.0,NORMAL,ON,LOW_WATER_WARNING
2026-03-14 11:26:55,171.4,0.0,,,NORMAL,ON,LOW_WATER_WARNING
2026-03-14 11:26:58,215.34,0.0,32.2,30.0,NORMAL,ON,LOW_WATER_WARNING
2026-03-14 11:27:02,-1.0,-1.0,32.2,30.0,NORMAL,OFF,SENSOR_ERROR
2026-03-14 11:27:06,-1.0,-1.0,,,NORMAL,OFF,SENSOR_ERROR
2026-03-14 11:27:09,-1.0,-1.0,32.3,30.0,NORMAL,OFF,SENSOR_ERROR
2026-03-14 11:27:13,264.99,0.0,32.3,30.0,NORMAL,ON,LOW_WATER_WARNING
2026-03-14 11:27:16,-1.0,-1.0,,,NORMAL,OFF,SENSOR_ERROR
2026-03-14 11:27:20,191.98,0.0,32.3,30.0,NORMAL,ON,LOW_WATER_WARNING
2026-03-14 11:27:24,247.0,0.0,32.3,30.0,NORMAL,ON,LOW_WATER_WARNING
2026-03-14 11:27:27,177.75,0.0,32.4,30.0,NORMAL,ON,LOW_WATER_WARNING
2026-03-14 11:27:31,-1.0,-1.0,32.4,30.0,NORMAL,OFF,SENSOR_ERROR
2026-03-14 11:27:34,169.46,0.0,32.4,30.0,NORMAL,ON,LOW_WATER_WARNING
2026-03-14 11:27:38,-1.0,-1.0,,,NORMAL,OFF,SENSOR_ERROR
2026-03-14 11:27:41,-1.0,-1.0,32.4,30.0,NORMAL,OFF,SENSOR_ERROR
2026-03-14 11:27:45,-1.0,-1.0,32.4,30.0,NORMAL,OFF,SENSOR_ERROR
2026-03-14 11:27:49,-1.0,-1.0,,,NORMAL,OFF,SENSOR_ERROR
2026-03-14 11:27:52,213.53,0.0,,,NORMAL,ON,LOW_WATER_WARNING
2026-03-14 11:27:56,466.66,0.0,,,NORMAL,ON,LOW_WATER_WARNING
2026-03-14 11:28:00,110.2,0.0,,,NORMAL,ON,LOW_WATER_WARNING
2026-03-14 11:28:03,346.68,0.0,32.5,30.0,NORMAL,ON,LOW_WATER_WARNING
2026-03-14 11:28:07,-1.0,-1.0,32.5,30.0,NORMAL,OFF,SENSOR_ERROR
2026-03-14 11:28:10,138.33,0.0,,,NORMAL,ON,LOW_WATER_WARNING
2026-03-14 11:28:14,111.59,0.0,,,NORMAL,ON,LOW_WATER_WARNING
2026-03-14 11:28:17,-1.0,-1.0,,,NORMAL,OFF,SENSOR_ERROR
2026-03-14 11:28:21,224.29,0.0,32.5,30.0,NORMAL,ON,LOW_WATER_WARNING
2026-03-14 11:28:25,89.61,10.39,,,NORMAL,ON,LOW_WATER_WARNING
2026-03-14 11:28:28,145.36,0.0,,,NORMAL,ON,LOW_WATER_WARNING
2026-03-14 11:28:32,248.16,0.0,,,NORMAL,ON,LOW_WATER_WARNING
2026-03-14 11:28:35,336.47,0.0,,,NORMAL,ON,LOW_WATER_WARNING
2026-03-14 11:28:39,218.37,0.0,,,NORMAL,ON,LOW_WATER_WARNING
2026-03-14 11:28:43,-1.0,-1.0,32.5,30.0,NORMAL,OFF,SENSOR_ERROR
2026-03-14 11:28:46,86.48,13.52,32.5,30.0,NORMAL,ON,LOW_WATER_WARNING
2026-03-14 11:28:50,168.27,0.0,,,NORMAL,ON,LOW_WATER_WARNING
2026-03-14 11:28:53,-1.0,-1.0,,,NORMAL,OFF,SENSOR_ERROR
2026-03-14 11:28:57,-1.0,-1.0,,,NORMAL,OFF,SENSOR_ERROR
2026-03-14 11:29:01,215.85,0.0,,,NORMAL,ON,LOW_WATER_WARNING
2026-03-14 11:29:04,-1.0,-1.0,,,NORMAL,OFF,SENSOR_ERROR
2026-03-14 11:29:08,239.75,0.0,,,NORMAL,ON,LOW_WATER_WARNING
2026-03-14 11:29:11,-1.0,-1.0,,,NORMAL,OFF,SENSOR_ERROR
2026-03-14 11:29:15,365.03,0.0,,,NORMAL,ON,LOW_WATER_WARNING
2026-03-14 11:29:19,-1.0,-1.0,32.5,30.0,NORMAL,OFF,SENSOR_ERROR
2026-03-14 11:29:22,364.68,0.0,32.5,31.0,NORMAL,ON,LOW_WATER_WARNING
2026-03-14 11:29:26,-1.0,-1.0,,,NORMAL,OFF,SENSOR_ERROR
2026-03-14 11:29:29,238.88,0.0,32.4,31.0,NORMAL,ON,LOW_WATER_WARNING
2026-03-14 11:29:33,-1.0,-1.0,,,NORMAL,OFF,SENSOR_ERROR
2026-03-14 11:29:37,-1.0,-1.0,,,NORMAL,OFF,SENSOR_ERROR
2026-03-14 11:29:40,118.66,0.0,,,NORMAL,ON,LOW_WATER_WARNING
2026-03-14 11:29:44,-1.0,-1.0,32.4,31.0,NORMAL,OFF,SENSOR_ERROR
2026-03-14 11:29:47,-1.0,-1.0,32.4,31.0,NORMAL,OFF,SENSOR_ERROR
2026-03-14 11:29:51,144.91,0.0,,,NORMAL,ON,LOW_WATER_WARNING
2026-03-14 11:29:55,184.47,0.0,32.4,31.0,NORMAL,ON,LOW_WATER_WARNING
2026-03-14 11:29:58,198.99,0.0,,,NORMAL,ON,LOW_WATER_WARNING
2026-03-14 11:30:02,-1.0,-1.0,32.4,30.0,NORMAL,OFF,SENSOR_ERROR
2026-03-14 11:30:05,-1.0,-1.0,32.4,30.0,NORMAL,OFF,SENSOR_ERROR
2026-03-14 11:30:09,394.61,0.0,32.4,30.0,NORMAL,ON,LOW_WATER_WARNING
2026-03-14 11:30:13,-1.0,-1.0,,,NORMAL,OFF,SENSOR_ERROR
2026-03-14 11:30:16,163.24,0.0,,,NORMAL,ON,LOW_WATER_WARNING
2026-03-14 11:30:20,252.08,0.0,32.5,30.0,NORMAL,ON,LOW_WATER_WARNING
2026-03-14 11:30:23,168.25,0.0,32.5,30.0,NORMAL,ON,LOW_WATER_WARNING
2026-03-14 11:30:27,-1.0,-1.0,32.5,30.0,NORMAL,OFF,SENSOR_ERROR
2026-03-14 11:30:30,141.44,0.0,32.5,30.0,NORMAL,ON,LOW_WATER_WARNING
2026-03-14 11:30:34,2.95,97.05,,,NORMAL,ON,HEALTHY
2026-03-14 11:30:38,124.49,0.0,,,NORMAL,ON,LOW_WATER_WARNING
2026-03-14 11:30:41,4.82,95.18,,,NORMAL,ON,HEALTHY
2026-03-14 11:30:45,2.69,97.31,,,NORMAL,ON,HEALTHY
2026-03-14 11:30:48,2.48,97.52,,,NORMAL,ON,HEALTHY
2026-03-14 11:30:52,117.47,0.0,,,NORMAL,ON,LOW_WATER_WARNING
2026-03-14 11:30:56,397.17,0.0,,,NORMAL,ON,LOW_WATER_WARNING
2026-03-14 11:30:59,130.99,0.0,32.5,31.0,NORMAL,ON,LOW_WATER_WARNING
2026-03-14 11:31:03,-1.0,-1.0,,,NORMAL,OFF,SENSOR_ERROR
2026-03-14 11:31:06,108.92,0.0,32.6,30.0,NORMAL,ON,LOW_WATER_WARNING
2026-03-14 11:31:10,88.23,11.77,,,NORMAL,ON,LOW_WATER_WARNING
2026-03-14 11:31:13,147.76,0.0,32.6,30.0,NORMAL,ON,LOW_WATER_WARNING
2026-03-14 11:31:17,-1.0,-1.0,,,NORMAL,OFF,SENSOR_ERROR
2026-03-14 11:31:21,-1.0,-1.0,,,NORMAL,OFF,SENSOR_ERROR
2026-03-14 11:31:24,-1.0,-1.0,,,NORMAL,OFF,SENSOR_ERROR
2026-03-14 11:31:28,473.39,0.0,32.6,31.0,NORMAL,ON,LOW_WATER_WARNING
2026-03-14 11:31:31,-1.0,-1.0,,,NORMAL,OFF,SENSOR_ERROR
2026-03-14 11:31:35,-1.0,-1.0,32.6,31.0,NORMAL,OFF,SENSOR_ERROR
2026-03-14 11:31:39,-1.0,-1.0,32.6,31.0,NORMAL,OFF,SENSOR_ERROR
2026-03-14 11:31:42,247.93,0.0,32.6,31.0,NORMAL,ON,LOW_WATER_WARNING
2026-03-14 11:31:46,-1.0,-1.0,32.6,31.0,NORMAL,OFF,SENSOR_ERROR
2026-03-14 11:31:50,-1.0,-1.0,32.6,31.0,NORMAL,OFF,SENSOR_ERROR
2026-03-14 11:31:53,7.1,92.9,,,NORMAL,ON,HEALTHY
2026-03-14 11:31:57,149.53,0.0,,,NORMAL,ON,LOW_WATER_WARNING
2026-03-14 11:32:00,10.78,89.22,32.7,31.0,NORMAL,ON,HEALTHY
2026-03-14 11:32:04,5.5,94.5,32.7,31.0,NORMAL,ON,HEALTHY
2026-03-14 11:32:07,-1.0,-1.0,,,NORMAL,OFF,SENSOR_ERROR
2026-03-14 11:32:11,-1.0,-1.0,32.7,30.0,NORMAL,OFF,SENSOR_ERROR
2026-03-14 11:32:15,-1.0,-1.0,,,NORMAL,OFF,SENSOR_ERROR
2026-03-14 11:32:18,241.43,0.0,32.7,30.0,NORMAL,ON,LOW_WATER_WARNING
2026-03-14 11:32:22,-1.0,-1.0,,,NORMAL,OFF,SENSOR_ERROR
2026-03-14 11:32:25,216.97,0.0,,,NORMAL,ON,LOW_WATER_WARNING
2026-03-14 11:32:29,-1.0,-1.0,32.7,30.0,NORMAL,OFF,SENSOR_ERROR
2026-03-14 11:32:33,301.04,0.0,32.7,30.0,NORMAL,ON,LOW_WATER_WARNING
2026-03-14 11:32:36,-1.0,-1.0,,,NORMAL,OFF,SENSOR_ERROR
2026-03-14 11:32:40,-1.0,-1.0,32.7,31.0,NORMAL,OFF,SENSOR_ERROR
2026-03-14 11:32:43,184.4,0.0,,,NORMAL,ON,LOW_WATER_WARNING
2026-03-14 11:32:47,221.77,0.0,,,NORMAL,ON,LOW_WATER_WARNING
2026-03-14 11:32:51,219.25,0.0,32.7,31.0,NORMAL,ON,LOW_WATER_WARNING
2026-03-14 11:32:54,-1.0,-1.0,,,NORMAL,OFF,SENSOR_ERROR
2026-03-14 11:32:58,-1.0,-1.0,,,NORMAL,OFF,SENSOR_ERROR
2026-03-14 11:33:01,349.66,0.0,32.7,31.0,NORMAL,ON,LOW_WATER_WARNING
2026-03-14 11:33:05,478.29,0.0,,,NORMAL,ON,LOW_WATER_WARNING
2026-03-14 11:33:09,-1.0,-1.0,32.7,31.0,NORMAL,OFF,SENSOR_ERROR
2026-03-14 11:33:12,389.59,0.0,,,NORMAL,ON,LOW_WATER_WARNING
2026-03-14 11:33:16,165.87,0.0,32.7,31.0,NORMAL,ON,LOW_WATER_WARNING
2026-03-14 11:33:19,-1.0,-1.0,,,NORMAL,OFF,SENSOR_ERROR
2026-03-14 11:33:23,-1.0,-1.0,,,NORMAL,OFF,SENSOR_ERROR
2026-03-14 11:33:27,-1.0,-1.0,,,NORMAL,OFF,SENSOR_ERROR
2026-03-14 11:33:30,348.37,0.0,32.7,31.0,NORMAL,ON,LOW_WATER_WARNING
2026-03-14 11:33:34,-1.0,-1.0,,,NORMAL,OFF,SENSOR_ERROR
2026-03-14 11:33:37,-1.0,-1.0,32.7,30.0,NORMAL,OFF,SENSOR_ERROR
2026-03-14 11:33:41,-1.0,-1.0,,,NORMAL,OFF,SENSOR_ERROR
2026-03-14 11:33:45,-1.0,-1.0,32.6,30.0,NORMAL,OFF,SENSOR_ERROR
2026-03-14 11:33:48,153.44,0.0,,,NORMAL,ON,LOW_WATER_WARNING
2026-03-14 11:33:52,205.56,0.0,32.6,30.0,NORMAL,ON,LOW_WATER_WARNING
2026-03-14 11:33:55,-1.0,-1.0,32.6,30.0,NORMAL,OFF,SENSOR_ERROR
2026-03-14 11:33:59,-1.0,-1.0,,,NORMAL,OFF,SENSOR_ERROR
2026-03-14 11:34:03,-1.0,-1.0,32.6,30.0,NORMAL,OFF,SENSOR_ERROR
2026-03-14 11:34:06,-1.0,-1.0,,,NORMAL,OFF,SENSOR_ERROR
2026-03-14 11:34:10,-1.0,-1.0,32.6,30.0,NORMAL,OFF,SENSOR_ERROR
2026-03-14 11:34:13,-1.0,-1.0,32.6,30.0,NORMAL,OFF,SENSOR_ERROR
2026-03-14 11:34:17,-1.0,-1.0,,,NORMAL,OFF,SENSOR_ERROR
2026-03-14 11:34:21,-1.0,-1.0,32.6,30.0,NORMAL,OFF,SENSOR_ERROR
2026-03-14 11:34:24,-1.0,-1.0,32.6,30.0,NORMAL,OFF,SENSOR_ERROR
2026-03-14 11:34:28,-1.0,-1.0,,,NORMAL,OFF,SENSOR_ERROR
2026-03-14 11:34:32,-1.0,-1.0,32.6,30.0,NORMAL,OFF,SENSOR_ERROR
2026-03-14 11:34:35,-1.0,-1.0,,,NORMAL,OFF,SENSOR_ERROR
2026-03-14 11:34:39,-1.0,-1.0,,,NORMAL,OFF,SENSOR_ERROR
2026-03-14 11:34:42,-1.0,-1.0,,,NORMAL,OFF,SENSOR_ERROR
2026-03-14 11:34:46,-1.0,-1.0,,,NORMAL,OFF,SENSOR_ERROR
2026-03-14 11:34:50,131.64,0.0,32.6,30.0,NORMAL,ON,LOW_WATER_WARNING
2026-03-14 11:34:53,-1.0,-1.0,32.6,30.0,NORMAL,OFF,SENSOR_ERROR
2026-03-14 11:34:57,-1.0,-1.0,,,NORMAL,OFF,SENSOR_ERROR
2026-03-14 11:35:00,-1.0,-1.0,32.7,30.0,NORMAL,OFF,SENSOR_ERROR
2026-03-14 11:35:04,-1.0,-1.0,32.7,30.0,NORMAL,OFF,SENSOR_ERROR
2026-03-14 11:35:08,-1.0,-1.0,,,NORMAL,OFF,SENSOR_ERROR
2026-03-14 11:35:11,-1.0,-1.0,,,NORMAL,OFF,SENSOR_ERROR
2026-03-14 11:35:15,467.9,0.0,32.7,30.0,NORMAL,ON,LOW_WATER_WARNING
2026-03-14 11:35:18,-1.0,-1.0,,,NORMAL,OFF,SENSOR_ERROR
2026-03-14 11:35:22,-1.0,-1.0,32.7,30.0,NORMAL,OFF,SENSOR_ERROR
2026-03-14 11:35:26,-1.0,-1.0,32.7,30.0,NORMAL,OFF,SENSOR_ERROR
2026-03-14 11:35:29,-1.0,-1.0,,,NORMAL,OFF,SENSOR_ERROR
2026-03-14 11:35:33,-1.0,-1.0,32.7,30.0,NORMAL,OFF,SENSOR_ERROR
2026-03-14 11:35:36,-1.0,-1.0,32.7,30.0,NORMAL,OFF,SENSOR_ERROR
2026-03-14 11:35:40,-1.0,-1.0,32.7,30.0,NORMAL,OFF,SENSOR_ERROR
2026-03-14 11:35:44,-1.0,-1.0,32.7,30.0,NORMAL,OFF,SENSOR_ERROR
2026-03-14 11:35:47,-1.0,-1.0,,,NORMAL,OFF,SENSOR_ERROR
2026-03-14 11:35:51,-1.0,-1.0,,,NORMAL,OFF,SENSOR_ERROR
2026-03-14 11:35:55,-1.0,-1.0,32.7,30.0,NORMAL,OFF,SENSOR_ERROR
2026-03-14 11:35:58,498.0,0.0,32.7,30.0,NORMAL,ON,LOW_WATER_WARNING
2026-03-14 11:36:02,-1.0,-1.0,32.7,30.0,NORMAL,OFF,SENSOR_ERROR
2026-03-14 11:36:05,-1.0,-1.0,,,NORMAL,OFF,SENSOR_ERROR
2026-03-14 11:36:09,-1.0,-1.0,32.7,30.0,NORMAL,OFF,SENSOR_ERROR
2026-03-14 11:36:13,-1.0,-1.0,32.7,30.0,NORMAL,OFF,SENSOR_ERROR
2026-03-14 11:36:16,-1.0,-1.0,,,NORMAL,OFF,SENSOR_ERROR
2026-03-14 11:36:20,-1.0,-1.0,32.7,30.0,NORMAL,OFF,SENSOR_ERROR
2026-03-14 11:36:23,349.5,0.0,32.7,30.0,NORMAL,ON,LOW_WATER_WARNING
2026-03-14 11:36:27,271.0,0.0,32.7,30.0,NORMAL,ON,LOW_WATER_WARNING
2026-03-14 11:36:31,-1.0,-1.0,,,NORMAL,OFF,SENSOR_ERROR
2026-03-14 11:36:34,-1.0,-1.0,32.7,30.0,NORMAL,OFF,SENSOR_ERROR
2026-03-14 11:36:38,-1.0,-1.0,32.7,30.0,NORMAL,OFF,SENSOR_ERROR
2026-03-14 11:36:41,-1.0,-1.0,,,NORMAL,OFF,SENSOR_ERROR
2026-03-14 11:36:45,-1.0,-1.0,,,NORMAL,OFF,SENSOR_ERROR
2026-03-14 11:36:49,-1.0,-1.0,,,NORMAL,OFF,SENSOR_ERROR
2026-03-14 11:36:52,-1.0,-1.0,32.7,30.0,NORMAL,OFF,SENSOR_ERROR
2026-03-14 11:36:56,-1.0,-1.0,,,NORMAL,OFF,SENSOR_ERROR
2026-03-14 11:36:59,-1.0,-1.0,32.7,30.0,NORMAL,OFF,SENSOR_ERROR
2026-03-14 11:37:03,93.26,6.74,,,NORMAL,ON,LOW_WATER_WARNING
2026-03-14 11:37:07,-1.0,-1.0,32.7,30.0,NORMAL,OFF,SENSOR_ERROR
2026-03-14 11:37:10,-1.0,-1.0,,,NORMAL,OFF,SENSOR_ERROR
2026-03-14 11:37:14,273.5,0.0,32.7,30.0,NORMAL,ON,LOW_WATER_WARNING
2026-03-14 11:37:17,402.47,0.0,,,NORMAL,ON,LOW_WATER_WARNING
2026-03-14 11:37:21,-1.0,-1.0,32.7,30.0,NORMAL,OFF,SENSOR_ERROR
2026-03-14 11:37:25,-1.0,-1.0,32.7,30.0,NORMAL,OFF,SENSOR_ERROR
2026-03-14 11:37:28,-1.0,-1.0,32.7,30.0,NORMAL,OFF,SENSOR_ERROR
2026-03-14 11:37:32,-1.0,-1.0,,,NORMAL,OFF,SENSOR_ERROR
2026-03-14 11:37:35,-1.0,-1.0,32.7,30.0,NORMAL,OFF,SENSOR_ERROR
2026-03-14 11:37:39,-1.0,-1.0,32.7,30.0,NORMAL,OFF,SENSOR_ERROR
2026-03-14 11:37:43,-1.0,-1.0,32.7,30.0,NORMAL,OFF,SENSOR_ERROR
2026-03-14 11:37:46,-1.0,-1.0,32.7,30.0,NORMAL,OFF,SENSOR_ERROR
2026-03-14 11:37:50,-1.0,-1.0,32.7,30.0,NORMAL,OFF,SENSOR_ERROR
2026-03-14 11:37:54,-1.0,-1.0,32.7,30.0,NORMAL,OFF,SENSOR_ERROR
2026-03-14 11:37:57,-1.0,-1.0,32.7,30.0,NORMAL,OFF,SENSOR_ERROR
2026-03-14 11:38:01,-1.0,-1.0,,,NORMAL,OFF,SENSOR_ERROR
2026-03-14 11:38:04,-1.0,-1.0,32.7,30.0,NORMAL,OFF,SENSOR_ERROR
2026-03-14 11:38:08,-1.0,-1.0,,,NORMAL,OFF,SENSOR_ERROR
2026-03-14 11:38:12,-1.0,-1.0,32.7,30.0,NORMAL,OFF,SENSOR_ERROR
2026-03-14 11:38:15,429.8,0.0,32.7,30.0,NORMAL,ON,LOW_WATER_WARNING
2026-03-14 11:38:19,145.05,0.0,,,NORMAL,ON,LOW_WATER_WARNING
2026-03-14 11:38:22,200.53,0.0,,,NORMAL,ON,LOW_WATER_WARNING
2026-03-14 11:38:26,-1.0,-1.0,32.7,30.0,NORMAL,OFF,SENSOR_ERROR
2026-03-14 11:38:30,-1.0,-1.0,,,NORMAL,OFF,SENSOR_ERROR
2026-03-14 11:38:33,-1.0,-1.0,32.7,30.0,NORMAL,OFF,SENSOR_ERROR
2026-03-14 11:38:37,458.35,0.0,32.7,30.0,NORMAL,ON,LOW_WATER_WARNING
2026-03-14 11:38:40,-1.0,-1.0,,,NORMAL,OFF,SENSOR_ERROR
2026-03-14 11:38:44,160.66,0.0,,,NORMAL,ON,LOW_WATER_WARNING
2026-03-14 11:38:48,-1.0,-1.0,32.7,30.0,NORMAL,OFF,SENSOR_ERROR
2026-03-14 11:38:51,-1.0,-1.0,,,NORMAL,OFF,SENSOR_ERROR
2026-03-14 11:38:55,254.65,0.0,32.7,30.0,NORMAL,ON,LOW_WATER_WARNING
2026-03-14 11:38:58,-1.0,-1.0,32.7,30.0,NORMAL,OFF,SENSOR_ERROR
2026-03-14 11:39:02,-1.0,-1.0,32.7,30.0,NORMAL,OFF,SENSOR_ERROR
2026-03-14 11:39:06,-1.0,-1.0,32.7,30.0,NORMAL,OFF,SENSOR_ERROR
2026-03-14 11:39:09,-1.0,-1.0,32.7,30.0,NORMAL,OFF,SENSOR_ERROR
2026-03-14 11:39:13,-1.0,-1.0,,,NORMAL,OFF,SENSOR_ERROR
2026-03-14 11:39:16,-1.0,-1.0,32.7,30.0,NORMAL,OFF,SENSOR_ERROR
2026-03-14 11:39:20,-1.0,-1.0,,,NORMAL,OFF,SENSOR_ERROR
2026-03-14 11:39:24,-1.0,-1.0,,,NORMAL,OFF,SENSOR_ERROR
2026-03-14 11:39:27,-1.0,-1.0,32.7,30.0,NORMAL,OFF,SENSOR_ERROR
2026-03-14 11:39:31,-1.0,-1.0,,,NORMAL,OFF,SENSOR_ERROR
2026-03-14 11:39:35,194.03,0.0,32.7,30.0,NORMAL,ON,LOW_WATER_WARNING
2026-03-14 11:39:38,-1.0,-1.0,,,NORMAL,OFF,SENSOR_ERROR
2026-03-14 11:39:42,-1.0,-1.0,32.7,30.0,NORMAL,OFF,SENSOR_ERROR
2026-03-14 11:39:45,-1.0,-1.0,32.7,30.0,NORMAL,OFF,SENSOR_ERROR
2026-03-14 11:39:49,-1.0,-1.0,32.7,30.0,NORMAL,OFF,SENSOR_ERROR
2026-03-14 11:39:53,-1.0,-1.0,32.7,30.0,NORMAL,OFF,SENSOR_ERROR
2026-03-14 11:39:56,-1.0,-1.0,32.7,30.0,NORMAL,OFF,SENSOR_ERROR
2026-03-14 11:40:00,-1.0,-1.0,32.7,30.0,NORMAL,OFF,SENSOR_ERROR
2026-03-14 11:40:03,-1.0,-1.0,32.7,30.0,NORMAL,OFF,SENSOR_ERROR
2026-03-14 11:40:07,153.05,0.0,32.7,30.0,NORMAL,ON,LOW_WATER_WARNING
2026-03-14 11:40:11,-1.0,-1.0,32.7,30.0,NORMAL,OFF,SENSOR_ERROR
2026-03-14 11:40:14,486.21,0.0,32.7,30.0,NORMAL,ON,LOW_WATER_WARNING
2026-03-14 11:40:18,-1.0,-1.0,32.7,30.0,NORMAL,OFF,SENSOR_ERROR
2026-03-14 11:40:21,127.09,0.0,32.7,30.0,NORMAL,ON,LOW_WATER_WARNING
2026-03-14 11:40:25,304.53,0.0,32.7,30.0,NORMAL,ON,LOW_WATER_WARNING
2026-03-14 11:40:29,178.19,0.0,,,NORMAL,ON,LOW_WATER_WARNING
2026-03-14 11:40:32,-1.0,-1.0,32.7,29.0,NORMAL,OFF,SENSOR_ERROR
2026-03-14 11:40:36,-1.0,-1.0,,,NORMAL,OFF,SENSOR_ERROR
2026-03-14 11:40:39,-1.0,-1.0,32.7,28.0,NORMAL,OFF,SENSOR_ERROR
2026-03-14 11:40:43,-1.0,-1.0,32.6,28.0,NORMAL,OFF,SENSOR_ERROR
2026-03-14 11:40:47,-1.0,-1.0,32.6,28.0,NORMAL,OFF,SENSOR_ERROR
2026-03-14 11:40:50,-1.0,-1.0,32.6,28.0,NORMAL,OFF,SENSOR_ERROR
2026-03-14 11:40:54,-1.0,-1.0,32.6,28.0,NORMAL,OFF,SENSOR_ERROR
2026-03-14 11:40:57,-1.0,-1.0,32.6,28.0,NORMAL,OFF,SENSOR_ERROR
2026-03-14 11:41:01,189.92,0.0,,,NORMAL,ON,LOW_WATER_WARNING
2026-03-14 11:41:05,384.14,0.0,,,NORMAL,ON,LOW_WATER_WARNING
2026-03-14 11:41:08,-1.0,-1.0,32.5,28.0,NORMAL,OFF,SENSOR_ERROR
2026-03-14 11:41:12,248.42,0.0,,,NORMAL,ON,LOW_WATER_WARNING
2026-03-14 11:41:15,-1.0,-1.0,32.5,28.0,NORMAL,OFF,SENSOR_ERROR
2026-03-14 11:41:19,-1.0,-1.0,32.5,28.0,NORMAL,OFF,SENSOR_ERROR
2026-03-14 11:41:23,-1.0,-1.0,32.5,28.0,NORMAL,OFF,SENSOR_ERROR
2026-03-14 11:41:26,-1.0,-1.0,32.5,28.0,NORMAL,OFF,SENSOR_ERROR
2026-03-14 11:41:30,179.12,0.0,,,NORMAL,ON,LOW_WATER_WARNING
2026-03-14 11:41:33,-1.0,-1.0,32.5,29.0,NORMAL,OFF,SENSOR_ERROR
2026-03-14 11:41:37,140.19,0.0,,,NORMAL,ON,LOW_WATER_WARNING
2026-03-14 11:41:41,-1.0,-1.0,32.5,29.0,NORMAL,OFF,SENSOR_ERROR
2026-03-14 11:41:44,300.32,0.0,32.5,29.0,NORMAL,ON,LOW_WATER_WARNING
2026-03-14 11:41:48,-1.0,-1.0,32.5,29.0,NORMAL,OFF,SENSOR_ERROR
2026-03-14 11:41:51,233.4,0.0,32.5,29.0,NORMAL,ON,LOW_WATER_WARNING
2026-03-14 11:41:55,338.04,0.0,32.5,29.0,NORMAL,ON,LOW_WATER_WARNING
2026-03-14 11:41:59,259.68,0.0,32.5,29.0,NORMAL,ON,LOW_WATER_WARNING
2026-03-14 11:42:02,-1.0,-1.0,,,NORMAL,OFF,SENSOR_ERROR
2026-03-14 11:42:06,-1.0,-1.0,,,NORMAL,OFF,SENSOR_ERROR
2026-03-14 11:42:09,-1.0,-1.0,32.6,29.0,NORMAL,OFF,SENSOR_ERROR
2026-03-14 11:42:13,-1.0,-1.0,,,NORMAL,OFF,SENSOR_ERROR
2026-03-14 11:42:17,226.74,0.0,,,NORMAL,ON,LOW_WATER_WARNING
2026-03-14 11:42:20,-1.0,-1.0,,,NORMAL,OFF,SENSOR_ERROR
2026-03-14 11:42:24,468.34,0.0,,,NORMAL,ON,LOW_WATER_WARNING
2026-03-14 11:42:27,-1.0,-1.0,32.6,29.0,NORMAL,OFF,SENSOR_ERROR
2026-03-14 11:42:31,253.9,0.0,,,NORMAL,ON,LOW_WATER_WARNING
2026-03-14 13:26:36,-1.0,-1.0,,,NORMAL,OFF,SENSOR_ERROR
2026-03-14 13:26:40,-1.0,-1.0,33.1,26.0,NORMAL,OFF,SENSOR_ERROR
2026-03-14 13:26:44,-1.0,-1.0,,,NORMAL,OFF,SENSOR_ERROR
2026-03-14 13:26:48,9.19,90.81,,,NORMAL,ON,HEALTHY
2026-03-14 13:26:52,3.74,96.26,,,NORMAL,ON,HEALTHY
2026-03-14 13:26:56,7.66,92.34,,,NORMAL,ON,HEALTHY
2026-03-14 13:27:00,9.84,90.16,33.1,26.0,NORMAL,ON,HEALTHY
2026-03-14 13:27:03,9.27,90.73,,,NORMAL,ON,HEALTHY
2026-03-14 13:27:07,12.46,87.54,,,NORMAL,ON,HEALTHY
2026-03-14 13:27:11,13.89,86.11,33.1,26.0,NORMAL,ON,HEALTHY
2026-03-14 13:27:15,11.89,88.11,33.1,26.0,NORMAL,ON,HEALTHY
2026-03-14 13:27:19,13.98,86.02,33.1,26.0,NORMAL,ON,HEALTHY
2026-03-14 13:27:23,11.14,88.86,33.1,26.0,NORMAL,ON,HEALTHY
2026-03-14 13:27:27,-1.0,-1.0,,,NORMAL,OFF,SENSOR_ERROR
2026-03-14 13:27:31,-1.0,-1.0,33.1,26.0,NORMAL,OFF,SENSOR_ERROR
2026-03-14 13:27:35,-1.0,-1.0,33.1,26.0,NORMAL,OFF,SENSOR_ERROR
2026-03-14 13:27:39,7.56,92.44,33.1,26.0,NORMAL,ON,HEALTHY
2026-03-14 13:27:42,8.88,91.12,,,NORMAL,ON,HEALTHY
2026-03-14 13:27:46,6.55,93.45,33.1,26.0,NORMAL,ON,HEALTHY
2026-03-14 13:27:50,6.84,93.16,33.1,27.0,NORMAL,ON,HEALTHY
2026-03-14 13:27:54,7.68,92.32,,,NORMAL,ON,HEALTHY
2026-03-14 13:27:58,8.98,91.02,,,NORMAL,ON,HEALTHY
2026-03-14 13:28:02,6.93,93.07,,,NORMAL,ON,HEALTHY
2026-03-14 13:28:08,4.29,95.71,,,NORMAL,ON,HEALTHY
2026-03-14 13:28:12,6.73,93.27,33.2,26.0,NORMAL,ON,HEALTHY
2026-03-14 13:28:16,9.35,90.65,33.2,26.0,NORMAL,ON,HEALTHY
2026-03-14 13:28:19,13.6,86.4,,,NORMAL,ON,HEALTHY
2026-03-14 13:28:23,11.03,88.97,,,NORMAL,ON,HEALTHY
2026-03-14 13:28:27,-1.0,-1.0,,,NORMAL,OFF,SENSOR_ERROR
2026-03-14 13:28:31,5.2,94.8,33.2,26.0,NORMAL,ON,HEALTHY
2026-03-14 13:28:35,5.02,94.98,33.2,26.0,NORMAL,ON,HEALTHY
2026-03-14 13:28:39,13.24,86.76,33.2,26.0,NORMAL,ON,HEALTHY
2026-03-14 13:28:43,-1.0,-1.0,33.2,26.0,NORMAL,OFF,SENSOR_ERROR
2026-03-14 13:28:47,-1.0,-1.0,,,NORMAL,OFF,SENSOR_ERROR
2026-03-14 13:28:53,-1.0,-1.0,,,NORMAL,OFF,SENSOR_ERROR
2026-03-14 13:28:57,-1.0,-1.0,,,NORMAL,OFF,SENSOR_ERROR
2026-03-14 13:29:01,-1.0,-1.0,,,NORMAL,OFF,SENSOR_ERROR
2026-03-14 13:29:05,-1.0,-1.0,33.2,26.0,NORMAL,OFF,SENSOR_ERROR
2026-03-14 13:29:09,15.23,84.77,,,NORMAL,ON,HEALTHY
2026-03-14 13:29:13,10.88,89.12,33.2,26.0,NORMAL,ON,HEALTHY
2026-03-14 13:29:17,12.57,87.43,33.2,26.0,NORMAL,ON,HEALTHY
2026-03-14 13:29:21,-1.0,-1.0,33.2,26.0,NORMAL,OFF,SENSOR_ERROR
2026-03-14 13:29:25,7.84,92.16,,,NORMAL,ON,HEALTHY
2026-03-14 13:29:29,10.1,89.9,,,NORMAL,ON,HEALTHY
2026-03-14 13:29:33,9.01,90.99,,,NORMAL,ON,HEALTHY
2026-03-14 13:29:37,12.45,87.55,,,NORMAL,ON,HEALTHY
2026-03-14 13:29:40,-1.0,-1.0,,,NORMAL,OFF,SENSOR_ERROR
2026-03-14 13:29:44,10.19,89.81,33.2,26.0,NORMAL,ON,HEALTHY
2026-03-14 13:29:48,18.02,81.98,33.2,26.0,NORMAL,ON,HEALTHY
2026-03-14 13:29:52,86.27,13.73,33.2,26.0,NORMAL,ON,LOW_WATER_WARNING
2026-03-14 13:29:56,16.97,83.03,,,NORMAL,ON,HEALTHY
2026-03-14 13:30:00,15.66,84.34,,,NORMAL,ON,HEALTHY
2026-03-14 13:30:04,14.73,85.27,33.2,26.0,NORMAL,ON,HEALTHY
2026-03-14 13:30:08,18.12,81.88,,,NORMAL,ON,HEALTHY
2026-03-14 13:30:12,10.86,89.14,33.2,26.0,NORMAL,ON,HEALTHY
2026-03-14 13:30:16,13.11,86.89,33.2,26.0,NORMAL,ON,HEALTHY
2026-03-14 13:30:20,79.75,20.25,,,NORMAL,ON,HEALTHY
2026-03-14 13:30:23,15.39,84.61,33.2,26.0,NORMAL,ON,HEALTHY
2026-03-14 13:30:27,15.85,84.15,,,NORMAL,ON,HEALTHY
2026-03-14 13:30:31,6.87,93.13,,,NORMAL,ON,HEALTHY
2026-03-14 13:30:35,29.84,70.16,33.2,27.0,NORMAL,ON,HEALTHY
2026-03-14 13:30:39,77.91,22.09,33.2,27.0,NORMAL,ON,HEALTHY
2026-03-14 13:30:43,67.93,32.07,,,NORMAL,ON,HEALTHY
2026-03-14 13:30:47,70.88,29.12,33.2,27.0,NORMAL,ON,HEALTHY
2026-03-14 13:30:51,-1.0,-1.0,,,NORMAL,OFF,SENSOR_ERROR
2026-03-14 13:30:55,-1.0,-1.0,33.3,27.0,NORMAL,OFF,SENSOR_ERROR
2026-03-14 13:30:59,-1.0,-1.0,33.3,27.0,NORMAL,OFF,SENSOR_ERROR
2026-03-14 14:39:24,-1.0,-1.0,33.7,25.0,NORMAL,OFF,SENSOR_ERROR
2026-03-14 14:39:28,5.12,94.88,33.7,25.0,NORMAL,ON,HEALTHY
2026-03-14 14:39:32,11.62,88.38,33.6,25.0,NORMAL,ON,HEALTHY
2026-03-14 14:39:36,-1.0,-1.0,,,NORMAL,OFF,SENSOR_ERROR
2026-03-14 14:39:40,-1.0,-1.0,33.7,25.0,NORMAL,OFF,SENSOR_ERROR
2026-03-14 14:39:44,-1.0,-1.0,,,NORMAL,OFF,SENSOR_ERROR
2026-03-14 14:39:48,-1.0,-1.0,33.7,25.0,NORMAL,OFF,SENSOR_ERROR
2026-03-14 14:39:52,68.04,31.96,33.7,25.0,NORMAL,ON,HEALTHY
2026-03-14 14:39:56,6.45,93.55,,,NORMAL,ON,HEALTHY
2026-03-14 14:40:00,4.28,95.72,33.7,25.0,NORMAL,ON,HEALTHY
2026-03-14 14:40:04,19.43,80.57,33.7,25.0,NORMAL,ON,HEALTHY
2026-03-14 14:40:08,8.31,91.69,33.7,25.0,NORMAL,ON,HEALTHY
2026-03-14 14:40:11,-1.0,-1.0,33.7,25.0,NORMAL,OFF,SENSOR_ERROR
2026-03-14 14:40:15,-1.0,-1.0,33.7,25.0,NORMAL,OFF,SENSOR_ERROR
2026-03-14 14:40:19,-1.0,-1.0,33.7,25.0,NORMAL,OFF,SENSOR_ERROR
2026-03-14 14:40:23,-1.0,-1.0,,,NORMAL,OFF,SENSOR_ERROR
2026-03-14 14:40:27,-1.0,-1.0,33.7,25.0,NORMAL,OFF,SENSOR_ERROR
2026-03-14 14:40:31,-1.0,-1.0,33.7,25.0,NORMAL,OFF,SENSOR_ERROR
2026-03-14 14:40:35,-1.0,-1.0,33.7,25.0,NORMAL,OFF,SENSOR_ERROR
2026-03-14 14:40:39,-1.0,-1.0,,,NORMAL,OFF,SENSOR_ERROR
2026-03-14 14:40:43,18.68,81.32,33.7,25.0,NORMAL,ON,HEALTHY
2026-03-14 14:40:47,8.02,91.98,,,NORMAL,ON,HEALTHY
2026-03-14 14:40:51,-1.0,-1.0,33.7,25.0,NORMAL,OFF,SENSOR_ERROR
2026-03-14 14:40:55,-1.0,-1.0,,,NORMAL,OFF,SENSOR_ERROR
2026-03-14 14:40:59,-1.0,-1.0,33.7,25.0,NORMAL,OFF,SENSOR_ERROR
2026-03-14 14:41:03,93.18,6.82,33.7,25.0,NORMAL,ON,LOW_WATER_WARNING
2026-03-14 14:41:06,-1.0,-1.0,33.7,25.0,NORMAL,OFF,SENSOR_ERROR
2026-03-14 14:41:10,-1.0,-1.0,,,NORMAL,OFF,SENSOR_ERROR
2026-03-14 14:41:14,78.56,21.44,,,NORMAL,ON,HEALTHY
2026-03-14 14:41:18,96.67,3.33,,,NORMAL,ON,LOW_WATER_WARNING
2026-03-14 14:41:22,-1.0,-1.0,33.7,25.0,NORMAL,OFF,SENSOR_ERROR
